"primary_block","subgroup","display_order","section_anchor","method","cite_keys","venue","year","chronology_month","chronology_basis","backbone","wm_architecture","params_total","params_trainable","role_tags","input_modalities","feedback_modalities","state_representation","prediction_target","control_variables","intervention_variables","training_strategy","objective_algorithm","training_data","training_data_type","training_scale_value","training_scale_unit","applications","benchmarks","evaluation_type","verified_from_primary","evidence_note","venue","chronology_month","chronology_basis"
"temporal_imaginative","Interactive Visual Worlds and Game Simulators","1","Interactive Visual Worlds and Game Simulators","World Models","ha2018worldmodels","NeurIPS","2018","2018-12","formal conference month","VAE","MDN-RNN latent dynamics","NR","NR","TI-I;TI-G;TI-M","I","R","Lat","next Lat; I","A","alternative A","offline WM + controller search","VAE reconstruction + MDN dynamics; CMA-ES","CarRacing; VizDoom rollouts","sim","NR","NR","game control","CarRacing; VizDoom","named environments","true","Primary paper Secs. 2-4 and experiments; architecture and controller-in-dream setup. Parameter count not reported as a table-ready total.","NeurIPS","2018-12","formal conference month"
"temporal_imaginative","Interactive Visual Worlds and Game Simulators","2","Interactive Visual Worlds and Game Simulators","SimPLe","kaiser2020atari100k","ICLR","2020","2020-04","formal conference month","CNN encoder-decoder","stochastic video prediction model","NR","NR","TI-I;TI-G","I","R","frame history","next I; R","A","alternative A","alternating model learning and policy optimization","action-conditioned video prediction + PPO","Atari interaction","sim","100K","environment steps","game simulation; control","Atari 100K","named benchmark","true","The primary ICLR paper verifies an action-conditioned stochastic video model, alternating model and policy learning, and policy optimization inside simulated Atari rollouts.","ICLR","2020-04","formal conference month"
"temporal_imaginative","Interactive Visual Worlds and Game Simulators","3","Interactive Visual Worlds and Game Simulators","EfficientZero","ye2021efficientzero","NeurIPS","2021","2021-12","formal conference month","representation + dynamics networks","value-equivalent recurrent world model","NR","NR","TI-I;TI-G;TI-M","I","R","latent game state","next Lat; R; value; policy","A","alternative A","online model-based RL","value-prefix prediction + self-supervised consistency + MCTS","Atari interaction","sim","100K","environment steps","game control; planning","Atari 100K; DMC 100K","named benchmarks","true","The NeurIPS paper identifies EfficientZero as a sample-efficient visual model-based RL algorithm built on MuZero and verifies value-prefix prediction, latent consistency, and MCTS-based planning.","NeurIPS","2021-12","formal conference month"
"temporal_imaginative","Predictive Representation and JEPA Models","1","Predictive Representation and JEPA Models","TD-MPC","hansen2022tdmpc","ICML","2022","2022-07","formal conference month","MLP encoder + latent dynamics","task-oriented latent dynamics","NR","NR","TI-I;TI-G;AC-R","I; P","R","task Lat","next Lat; R; value; policy","A","alternative A","online model-based RL","joint latent consistency, reward, value, and policy learning + MPPI","DMC; Meta-World interaction","real + sim","NR","NR","continuous control; planning","DMC; Meta-World","named benchmarks","true","The ICML paper verifies a learned task-oriented latent dynamics model, jointly learned terminal value function, short-horizon trajectory optimization, and state- and image-based continuous-control evaluation.","ICML","2022-07","formal conference month"
"temporal_imaginative","Interactive Visual Worlds and Game Simulators","9","Interactive Visual Worlds and Game Simulators","JOWA","cheng2025jowa","ICLR","2025","2025-04","formal conference month","shared Transformer","joint world-action transformer","150M","150M","TI-I;TI-G;TI-M","I","R","latent game state","next Lat; R; value; policy","A","alternative A","offline model-based RL","joint world/action prediction, temporal-difference learning, and planning","multi-game Atari offline data","sim","6B","tokens","game control; planning","Atari games","named benchmark suite","true","The ICLR paper verifies a shared world-action transformer, joint model and policy optimization, temporal-difference learning, planning, and pretraining on six billion tokens of offline Atari data.","ICLR","2025-04","formal conference month"
"temporal_imaginative","Predictive Representation and JEPA Models","2","Predictive Representation and JEPA Models","DINO-WM","zhou2025dinowm","ICML","2025","2025-07","formal conference month","DINOv2 encoder + dynamics predictor","feature-space dynamics transformer","NR","NR","TI-I;TI-G;AC-R","I","NR","DINOv2 patch features","future patch features","A","alternative A","offline predictive learning","future feature prediction + action-sequence optimization","offline behavior trajectories","real + sim","NR","NR","zero-shot planning; manipulation","six control environments","custom suite","true","The ICML paper verifies offline prediction of future DINOv2 patch features and test-time action-sequence optimization for zero-shot planning across six environments.","ICML","2025-07","formal conference month"
"action_coupled","Robot World Models and World-Action Models","7","Robot World Models and World-Action Models","UVA","uva2025","RSS","2025","2025-06","formal conference month","shared video-action encoder + diffusion heads","joint video-action latent diffusion","NR","NR","TI-I;TI-G;AC-R","V","NR","shared V-A latent","V; A","A","alternative A","joint video-action learning","masked video/action diffusion with decoupled decoding","multi-task robot trajectories","real + sim","NR","NR","robot policy; forward/inverse dynamics","robot manipulation suites","custom suite","true","The primary paper verifies a joint video-action latent representation, masked multimodal training, and decoupled diffusion heads for policy learning, forward and inverse dynamics, and video prediction.","RSS","2025-06","formal conference month"
"structured_state","Spatial, Geometric, and Occupancy States","5","Spatial, Geometric, and Occupancy States","Aether","zhu2025aether","ICCV","2025","2025-10","formal conference month","video diffusion + geometric branch","geometry-aware video world model","NR","NR","TI-G;SS-G;AC-N","I; P","NR","RGB-D geometric state","future I; D; trajectory","A; Cam","alternative A/Cam","joint multi-task predictive learning","4D reconstruction + action-conditioned prediction + visual planning","synthetic 4D data","sim","NR","NR","4D reconstruction; future prediction; visual planning","custom 4D and action tasks","custom suite","true","The ICCV paper verifies joint 4D reconstruction, action-conditioned video prediction, and goal-conditioned visual planning with camera trajectories as geometry-informed controls.","ICCV","2025-10","formal conference month"
"temporal_imaginative","Interactive Visual Worlds and Game Simulators","2","Interactive Visual Worlds and Game Simulators","Dreamer","hafner2019dreamer","ICLR","2020","2020-04","formal conference month","CNN encoder/decoder","RSSM","NR","NR","TI-I;TI-G;TI-M;AC-R","I","R","Lat","I; R; continuation","A","alternative A","online model-based RL","ELBO-style world loss + actor-critic in imagination","DeepMind Control Suite; robot data","real + sim","NR","NR","continuous control","DMC; robot visual control","named benchmarks","true","Primary paper Secs. 2-4 and Appendix; RSSM and latent-imagination behavior learning verified. Exact total/trainable parameters and one aggregate training scale are not reported.","ICLR","2020-04","formal conference month"
"temporal_imaginative","Interactive Visual Worlds and Game Simulators","3","Interactive Visual Worlds and Game Simulators","DreamerV3","hafner2023dreamerv3","Nature","2025","2025-04","journal publication month","CNN encoder/decoder","categorical RSSM","200M","NR","TI-I;TI-G;TI-M;AC-R","I","R","Lat","I; R; continuation","A","alternative A","online model-based RL","world prediction + actor-critic in imagination","multi-domain environment interaction","sim","NR","NR","general control","Atari; DMC; Minecraft; others","named benchmark suite","true","Primary Nature paper Methods, computational choices, and extended data: the default model is 200M parameters and evaluated across 150+ tasks. Trainable-only count and a unified sample unit are not reported.","Nature","2025-04","journal publication month"
"temporal_imaginative","Interactive Visual Worlds and Game Simulators","4","Interactive Visual Worlds and Game Simulators","Genie","bruce2024genie","ICML","2024","2024-07","formal conference month","video tokenizer","latent action autoregressive transformer","11B","NR","TI-I;TI-G","V","NR","discrete visual tokens","I","latent A","alternative latent A","unsupervised video pretraining","next-token video prediction + latent-action learning","Internet game video","real video","NR","NR","playable world generation","platformer videos; human evaluation","custom protocol","true","Primary paper abstract and Secs. 2-4: 11B model, latent action model, and action-controllable frame generation verified. Trainable-only count and a single exact corpus-scale value are not reported.","ICML","2024-07","formal conference month"
"temporal_imaginative","Interactive Visual Worlds and Game Simulators","5","Interactive Visual Worlds and Game Simulators","GameNGen","vale2024gamenegen","ICLR","2025","2025-04","formal conference month","Stable Diffusion image model","action-conditioned diffusion","NR","NR","TI-I;TI-G","I","NR","frame history","next I","A","alternative A","two-stage agent collection + diffusion training","denoising diffusion","DOOM trajectories","sim gameplay","NR","NR","real-time game simulation","DOOM; human study","custom protocol","true","Primary paper architecture and experiments; action-conditioned diffusion and DOOM interactive simulation verified. Backbone component size was not treated as total method parameters.","ICLR","2025-04","formal conference month"
"temporal_imaginative","Interactive Visual Worlds and Game Simulators","6","Interactive Visual Worlds and Game Simulators","iVideoGPT","arxiv240515223","NeurIPS","2024","2024-12","formal conference month","compressive video tokenizer","autoregressive transformer","NR","NR","TI-I;TI-G;AC-R","V","R","discrete V-A-R tokens","V; R","A","alternative A","pretrain + downstream adaptation","next-token prediction","human; robot manipulation trajectories","real + sim","NR","NR","video prediction; planning; MBRL","robot manipulation; DMC","named tasks","true","Primary paper abstract and Secs. 2-4; multimodal token sequence and millions-of-trajectories wording verified. Numeric scale remains NR because the source summary does not bind one precise count to all training stages.","NeurIPS","2024-12","formal conference month"
"temporal_imaginative","Interactive Visual Worlds and Game Simulators","7","Interactive Visual Worlds and Game Simulators","UniSim","arxiv231006114","ICLR","2024","2024-05","formal conference month","latent video diffusion","instruction/action-conditioned simulator","NR","NR","TI-I;TI-G;AC-V;AC-R;AC-N","I","NR","visual context","future V","T; A","alternative instruction/action","multi-source generative training","conditional video generation","images; navigation; robot data","real + mixed","NR","NR","policy training; simulation","real-robot zero-shot transfer; navigation","custom tasks","true","Primary paper abstract and method; heterogeneous image/navigation/robot data and high-/low-level control verified. Parameter count and unified numeric scale not reported.","ICLR","2024-05","formal conference month"
"temporal_imaginative","Large-Scale Video Worlds and Foundation Generative Simulators","8","Large-Scale Video Worlds and Foundation Generative Simulators","Cosmos 3","arxiv260602800","arXiv","2026","2026-06","arXiv v1 month","omnimodal transformer","omnimodal world model","NR","NR","TI-I;TI-G;TI-M;AC-V;AC-R;AC-D","V; I; T","NR","visual tokens","V","T; I; V","NR","omnimodal joint training","multimodal understanding + generation + action","large-scale multimodal Physical-AI data","real + synthetic","NR","NR","Physical AI reasoning; simulation; control","robotics; driving; camera motion","custom suite","true","Primary NVIDIA technical report verifies a shared omnimodal model spanning language, image, video, audio, and action with autoregressive and diffusion capabilities.","arXiv","2026-06","arXiv v1 month"
"temporal_imaginative","Large-Scale Video Worlds and Foundation Generative Simulators","9","Large-Scale Video Worlds and Foundation Generative Simulators","Pandora","arxiv240609455","arXiv","2024","2024-06","arXiv v1 month","video diffusion model","language-action-conditioned video dynamics","NR","NR","TI-I;TI-G","V; T","A","NR","V","T; natural-language A","alternative language A","pretrain + action conditioning","conditional video prediction","general videos with language actions","real video","NR","NR","general world simulation","custom video/world tests","custom protocol","true","Primary paper abstract and method; natural-language actions and video-state prediction verified. No table-ready total/trainable count or precise unified scale found.","arXiv","2024-06","arXiv v1 month"
"temporal_imaginative","Large-Scale Video Worlds and Foundation Generative Simulators","10","Large-Scale Video Worlds and Foundation Generative Simulators","PAN","arxiv251109057","arXiv","2025","2025-11","arXiv v1 month","LLM latent backbone","GLP + video diffusion decoder","NR","NR","TI-I;TI-G;TI-M","V; T","A","Lat","V","natural-language A","alternative A","large-scale video-action training","AR latent prediction + diffusion decoding","cross-domain video-action pairs","real + mixed","NR","NR","open-domain world simulation","action simulation; long-horizon forecasting; reasoning","custom protocol","true","Primary paper abstract: Generative Latent Prediction combines an LLM autoregressive latent dynamics backbone with a video diffusion decoder and is trained on cross-domain video-action pairs. Counts not stated in abstract-level evidence.","arXiv","2025-11","arXiv v1 month"
"temporal_imaginative","Long-Horizon Controllable Worlds and State Persistence","11","Long-Horizon Controllable Worlds and State Persistence","StableWorld","arxiv260115281","arXiv","2026","2026-01","arXiv v1 month","video diffusion model","history-filtered interactive generator","NR","NR","TI-I;TI-G;TI-M","V; T","NR","selected history frames","V","T; Cam","alternative T/Cam","post-training for stable rollout","interactive video prediction + history filtering","interactive video","real + synthetic","NR","NR","long interactive worlds","custom long-rollout protocol","custom protocol","true","Primary paper verifies controllable interactive video generation, long-horizon temporal degradation, and dynamic eviction of degraded history frames while retaining geometrically consistent frames.","arXiv","2026-01","arXiv v1 month"
"temporal_imaginative","Long-Horizon Controllable Worlds and State Persistence","12","Long-Horizon Controllable Worlds and State Persistence","ActWorld","arxiv260617730","arXiv","2026","2026-06","arXiv v1 month","video world model","action-aware hierarchical memory","NR","NR","TI-I;TI-G;TI-M;SS-E;AC-N","V","NR","event/object memory tokens","V","A; object interaction","alternative A","memory-augmented training","future video + memory consistency","navigation-centered interactive video","real + synthetic","NR","NR","interactive exploration","custom exploration protocol","custom protocol","true","Primary paper verifies chunk-autoregressive interactive generation, navigation and mid-rollout object actions, and persistent event-update/object-identity memory across long rollouts.","arXiv","2026-06","arXiv v1 month"
"temporal_imaginative","Long-Horizon Controllable Worlds and State Persistence","13","Long-Horizon Controllable Worlds and State Persistence","WorldPlay","arxiv251214614","arXiv","2025","2025-12","arXiv v1 month","streaming video diffusion","reconstituted context memory","NR","NR","TI-I;TI-G;TI-M;AC-N","V","NR","memory context","V","keyboard/mouse A","alternative A","teacher-student distillation","Context Forcing + video diffusion","interactive scene video","real + synthetic","NR","NR","real-time interactive worlds","720p/24-FPS demos; consistency tests","custom protocol","true","Primary paper abstract: Dual Action Representation, Reconstituted Context Memory, and Context Forcing distillation verified; 720p at 24 FPS is inference throughput, not training scale.","arXiv","2025-12","arXiv v1 month"
"structured_state","Spatial, Geometric, and Occupancy States","1","Spatial, Geometric, and Occupancy States","Copilot4D","copilot4d2023","ICLR","2024","2024-05","formal conference month","point-cloud tokenizer","discrete diffusion","NR","NR","TI-G;SS-G;AC-D","L; P","A","discrete LiDAR tokens","future LiD","ego motion","alternative ego motion","supervised sequence modeling","discrete diffusion forecasting","autonomous-driving LiDAR","real driving","NR","NR","LiDAR forecasting","Waymo Open Dataset","named dataset","true","Primary paper method and experiments; VQ-style point-cloud tokenization and discrete diffusion future prediction on Waymo verified. Parameter and run-specific scale not reported in compact comparable form.","ICLR","2024-05","formal conference month"
"structured_state","Spatial, Geometric, and Occupancy States","2","Spatial, Geometric, and Occupancy States","BEVWorld","bevworld2024","arXiv","2024","2024-07","arXiv v1 month","multi-sensor encoders","unified BEV latent diffusion","NR","NR","TI-G;SS-G;AC-D","I; L; P","A","BEV latent","future BEV / sensors","A","alternative A","multi-modal pretraining","cross-modal reconstruction + latent diffusion","multi-sensor driving data","real driving","NR","NR","driving representation; forecasting","nuScenes","named dataset","true","Primary paper method and experiments; unified BEV latent space, sensor reconstruction, and future prediction verified. Exact total/trainable count and aggregate scale not reported.","arXiv","2024-07","arXiv v1 month"
"structured_state","Spatial, Geometric, and Occupancy States","3","Spatial, Geometric, and Occupancy States","OmniNWM","arxiv251018313","ECCV","2025","2025-10","arXiv v1 month","panoramic multi-modal encoder","navigation world model + occupancy reward","NR","NR","TI-G;SS-G;AC-D;AC-N","I; P","R","RGB / semantic / depth / Occ","future multimodal panorama; Occ","ego Traj.","alternative Traj.","joint multimodal training","future generation + occupancy-grounded reward","navigation trajectories","sim + real","NR","NR","navigation policy evaluation","custom navigation tasks","custom protocol","true","Primary paper verifies aligned panoramic RGB, semantics, metric depth, and 3D occupancy generation, geometric action encoding, long-horizon stabilization, and occupancy-grounded closed-loop policy evaluation.","ECCV","2025-10","arXiv v1 month"
"structured_state","Physical, Causal, and Interventional States","4","Physical, Causal, and Interventional States","MuJoCo","todorov2012mujoco","IROS","2012","2012-10","formal conference month","N/A","contact-rich rigid-body engine","N/A","N/A","SS-P;AC-R","Phy","contact","explicit Phy","next Phy","A; state","PhyPar","non-learned simulation","forward/inverse dynamics","N/A","N/A","N/A","N/A","model-based control","contact-rich control tasks","simulator protocol","true","Primary paper Sections II-IV verify explicit rigid-body/contact dynamics and model-based control interfaces; the engine does not learn an explicit causal graphical model, so SS-C is not assigned.","IROS","2012-10","formal conference month"
"structured_state","Physical, Causal, and Interventional States","5","Physical, Causal, and Interventional States","Isaac Gym","makoviychuk2021isaacgym","NeurIPS","2021","2021-12","formal conference month","N/A","GPU-parallel physics engine","N/A","N/A","SS-P;AC-R","Phy","R","explicit Phy","next Phy","A; state","PhyPar","simulator + policy learning","GPU simulation; RL objective external","N/A","N/A","N/A","N/A","robot policy learning","simulator throughput/tasks","simulator protocol","true","Primary paper Sections 2-5; GPU-resident parallel physics simulation and robot-learning demonstrations verified. Simulator has no meaningful neural parameter or training-data scale.","NeurIPS","2021-12","formal conference month"
"structured_state","Physical, Causal, and Interventional States","6","Physical, Causal, and Interventional States","Dojo","howell2022dojo","arXiv","2022","2022-03","arXiv v1 month","N/A","differentiable contact simulator","N/A","N/A","SS-P;AC-R","Phy","contact","explicit Phy","next Phy","A; state","PhyPar","differentiable simulation","analytical derivatives + optimization","N/A","N/A","N/A","N/A","planning; system identification","contact-system tasks","simulator protocol","true","Primary paper verifies differentiable contact dynamics for planning, control, and system identification; differentiability alone is not treated as explicit causal modeling.","arXiv","2022-03","arXiv v1 month"
"structured_state","Physical, Causal, and Interventional States","7","Physical, Causal, and Interventional States","Causal World Models","arxiv201214228","arXiv","2020","2020-12","arXiv v1 month","image encoder","latent deconfounded dynamics","NR","NR","TI-I;TI-G;SS-P;SS-C","I","NR","Lat; Cau","next Lat","A","alternative A","unsupervised representation + dynamics","deconfounding + transition prediction","physical interaction sequences","sim","NR","NR","counterfactual physical reasoning","CausalWorld-style tasks","named environment","true","Primary paper abstract/method; unsupervised deconfounding of action-conditioned physical dynamics and counterfactual use verified. Parameter count and consolidated scale not reported.","arXiv","2020-12","arXiv v1 month"
"structured_state","Physical, Causal, and Interventional States","8","Physical, Causal, and Interventional States","Variational Causal Dynamics","arxiv220611131","TMLR","2023","2023-11","journal publication month","variational encoder","modular latent causal dynamics","NR","NR","TI-G;SS-C","I","NR","factorized Lat; Cau","next Lat","A; mechanism","mechanism intervention","intervention training","variational causal dynamics objective","intervention env. trajectories","sim","NR","NR","mechanism adaptation","CausalWorld; synthetic systems","named environments","true","Primary paper verifies a causally factorized graphical transition model, reusable mechanisms, and adaptation under interventions; it does not require entity-centric or relational state.","TMLR","2023-11","journal publication month"
"structured_state","Physical, Causal, and Interventional States","9","Physical, Causal, and Interventional States","FOCUS","arxiv220601474","NeurIPS","2022","2022-12","formal conference month","latent encoder","causal structured transition model","NR","NR","TI-G;SS-C;AC-R","state","R","Lat causal graph","next Lat; R","A","alternative A","offline model-based RL","causal transition learning + policy optimization","offline RL trajectories","sim","NR","NR","offline control","D4RL-style control tasks","named benchmarks","true","Primary paper verifies reconstruction and use of causal transition structure for offline model-based RL; causal state factors are not presented as explicit entities or relations.","NeurIPS","2022-12","formal conference month"
"structured_state","Physical, Causal, and Interventional States","10","Physical, Causal, and Interventional States","C-JEPA","arxiv260211389","ICML","2026","2026-07","formal conference month","object-centric encoder","JEPA latent predictor","NR","NR","TI-I;TI-G;SS-C;SS-E;AC-R","I","NR","object Lat","masked/future object Lat","A","alternative interaction","self-supervised predictive learning","object-level latent masking + planning","interaction video","real + sim","NR","NR","counterfactual planning","custom interaction tasks","custom protocol","true","Primary paper verifies object-centric masked prediction, latent interventions with counterfactual-like effects, relational reasoning, and use of the representation for agent-control planning.","ICML","2026-07","formal conference month"
"action_coupled","Robot World Models and World-Action Models","1","Robot World Models and World-Action Models","DayDreamer","daydreamer2022","CoRL","2022","2022-12","formal conference month","CNN encoder/decoder","RSSM","NR","NR","TI-I;TI-G;TI-M;AC-R","I; P","R","Lat","I; R; continuation","A","alternative A","online real-world model-based RL","world prediction + latent actor-critic","real robot interaction","real","NR","NR","robot learning","4 real-robot tasks","custom robot tasks","true","Primary paper method and experiments; Dreamer-style latent imagination and online learning across four robots/tasks verified. No single aggregate parameter or transition scale retained.","CoRL","2022-12","formal conference month"
"action_coupled","Robot World Models and World-Action Models","2","Robot World Models and World-Action Models","RoboDreamer","robodreamer2024","ICML","2024","2024-07","formal conference month","video diffusion model","compositional action-conditioned video WM","NR","NR","TI-G;SS-E;AC-V;AC-R","I; T","NR","V","future V","T; A","object/action composition","robot-video training","compositional video diffusion","robot demonstrations","real robot","NR","NR","robot manipulation","unseen object-action compositions","custom protocol","true","Primary paper method and experiments; compositional video world modeling for robot imagination and unseen object-action combinations verified. Parameter/scale fields remain NR.","ICML","2024-07","formal conference month"
"action_coupled","Robot World Models and World-Action Models","3","Robot World Models and World-Action Models","Unified World Models","unifiedworldmodels2025","RSS","2025","2025-06","formal conference month","diffusion transformer","coupled video-action diffusion","NR","NR","TI-I;TI-G;AC-R","V","NR","shared V-A latent","V; A","A","alternative A","large-scale robot pretraining","joint video/action diffusion","robot datasets","real robot","NR","NR","manipulation; policy learning","robot manipulation suites","named + custom tasks","true","Primary paper abstract/method; one transformer couples video and action diffusion for forward/inverse dynamics, policy, and generation. Exact parameter and aggregate dataset scale not entered without a variant-specific source.","RSS","2025-06","formal conference month"
"action_coupled","Robot World Models and World-Action Models","4","Robot World Models and World-Action Models","WorldVLA","worldvla2025","arXiv","2025","2025-06","arXiv v1 month","VLM-style autoregressive transformer","joint action-world sequence model","NR","NR","TI-G;AC-V;AC-R","I; T","NR","shared visual-action tokens","future I; A","T; A","alternative A","joint robot sequence training","autoregressive image/action prediction","robot demonstrations","real robot","NR","NR","robot manipulation","CALVIN; robot tasks","named + custom tasks","true","Primary paper method and experiments; joint future-image and action-token autoregression verified. Parameter variant, trainable portion, and unified training scale are not unambiguously reported.","arXiv","2025-06","arXiv v1 month"
"action_coupled","Robot World Models and World-Action Models","5","Robot World Models and World-Action Models","GWM","gwm2025","ICCV","2025","2025-10","formal conference month","3D Gaussian representation","action-conditioned geometric dynamics","NR","NR","TI-I;TI-G;SS-G;AC-R","I; D; P","NR","GS","future GS / renderings","A","alternative A","3D reconstruction + dynamics training","geometric future prediction","multi-view robot demonstrations","real robot","NR","NR","robot manipulation; simulation","custom manipulation tasks","custom protocol","true","Primary paper method and experiments; action-conditioned future 3D Gaussian states and neural-simulator use verified. Parameter and data-scale values not reported in a comparable compact form.","ICCV","2025-10","formal conference month"
"temporal_imaginative","Predictive Representation and JEPA Models","1","Predictive Representation and JEPA Models","I-JEPA","assran2023ijepa","CVPR","2023","2023-06","formal conference month","ViT encoders + predictor","JEPA latent predictor","NR","NR","TI-G","I","NR","image patch embeddings","masked patch embeddings","None","None","self-supervised predictive learning","masked latent prediction","ImageNet-1K","real images","NR","NR","visual representation learning","ImageNet-1K; downstream vision tasks","named datasets","true","Primary CVPR paper verifies non-generative prediction of masked image-block representations; TI-G is used here only for predictive latent-state modeling, not temporal rollout or explicit entity structure.","CVPR","2023-06","formal conference month"
"temporal_imaginative","Predictive Representation and JEPA Models","2","Predictive Representation and JEPA Models","V-JEPA","bardes2024vjepa","TMLR","2024","2024-08","journal publication month","ViT encoders + predictor","JEPA latent predictor","NR","NR","TI-G","V","NR","video embeddings","masked video embeddings","None","None","self-supervised predictive learning","masked latent video prediction","Kinetics; Something-Something-v2; AVA","real video","NR","NR","video representation learning","Kinetics; SSv2; AVA","named datasets","true","Primary paper verifies masked spatiotemporal prediction in representation space; it does not introduce explicit entity structure or a persistent-memory mechanism.","TMLR","2024-08","journal publication month"
"temporal_imaginative","Predictive Representation and JEPA Models","3","Predictive Representation and JEPA Models","V-JEPA 2","assran2025vjepa2","arXiv","2025","2025-06","arXiv v1 month","ViT encoders + action-conditioned predictor","action-conditioned JEPA predictor","NR","NR","TI-I;TI-G;AC-R","V","NR","video Lat","future Lat","A","alternative A","self-supervised predictive learning + action conditioning","action-conditioned latent prediction + MPPI","1M-hour video; DROID","real video + robot","NR","NR","robot planning; manipulation","DROID; real-robot evaluation","named + custom","true","Primary paper verifies internet-scale video/image pretraining and post-training an action-conditioned latent predictor on DROID for MPPI planning with image goals on real robot arms.","arXiv","2025-06","arXiv v1 month"
"structured_state","Spatial, Geometric, and Occupancy States","3","Spatial, Geometric, and Occupancy States","OccWorld","arxiv231116038","ECCV","2024","2024-09","formal conference month","occupancy tokenizer + transformer","autoregressive occupancy transformer","NR","NR","TI-G;SS-G;AC-D","state","NR","Occ tokens","future Occ; ego motion","None","None","supervised sequence modeling","occupancy-token prediction + ego-motion prediction","nuScenes","real driving","NR","NR","occupancy forecasting; driving planning","nuScenes; Occ3D","named datasets","true","Primary ECCV paper verifies discrete occupancy tokenization and a spatial-temporal generative Transformer that predicts future occupancy and ego motion.","ECCV","2024-09","formal conference month"
"action_coupled","VLA Interfaces and Affordance-Constrained Control","1","VLA Interfaces and Affordance-Constrained Control","3D-VLA","threedvla2024","ICML","2024","2024-07","formal conference month","3D LLM + embodied diffusion","3D LLM + diffusion decoder","NR","NR","TI-G;SS-G;SS-E;AC-V;AC-R","I; L; T","NR","3D-language Lat","goal I; point cloud; A","T; A","alternative A","joint embodied training","action prediction + goal image/point-cloud generation","3D embodied instruction data","real + sim","NR","NR","robot reasoning; manipulation","held-in embodied datasets","named datasets","true","Primary ICML paper verifies a 3D LLM with action tokens and aligned diffusion models for goal-image and point-cloud generation.","ICML","2024-07","formal conference month"
"action_coupled","VLA Interfaces and Affordance-Constrained Control","2","VLA Interfaces and Affordance-Constrained Control","VLA-JEPA","vlajepa2026","arXiv","2026","2026-02","arXiv v1 month","VLA encoder + latent predictor","action-conditioned JEPA predictor","NR","NR","TI-G;AC-V;AC-R","I; T","NR","task Lat","future Lat; A","T; A","alternative A","self-supervised predictive learning + action-head tuning","leakage-free latent state prediction","LIBERO; SimplerEnv","real + sim robot","NR","NR","robot manipulation","LIBERO; SimplerEnv; real robot","named + custom","true","Primary paper verifies leakage-free future latent-state prediction followed by an action-head fine-tuning stage for VLA manipulation; no persistent-memory mechanism is used.","arXiv","2026-02","arXiv v1 month"
"action_coupled","Driving World Models","7","Driving World Models","GAIA-1","hu2023gaia1","arXiv","2023","2023-09","arXiv v1 month","video tokenizer + transformer","autoregressive transformer","NR","NR","TI-G;AC-D","V; T","NR","visual tokens","V","T; A","alternative A","unsupervised sequence modeling","next-token driving-scene prediction","proprietary driving video","real driving","NR","NR","driving simulation; scenario generation","closed-course driving data","custom protocol","true","Primary paper verifies autoregressive next-token prediction over video, text, and action tokens for controllable driving-scene generation.","arXiv","2023-09","arXiv v1 month"
"action_coupled","Driving World Models","8","Driving World Models","DriveDreamer","wang2023drivedreamer","ECCV","2024","2024-09","formal conference month","video diffusion model","trajectory-conditioned driving WM","NR","NR","TI-G;SS-G;AC-D","V; T","NR","visual context","future V","T; Scene","alternative Scene","driving-video predictive learning","structured traffic conditioning + video diffusion","nuScenes","real driving","NR","NR","driving simulation; data generation","nuScenes","named dataset","true","Primary ECCV paper verifies structured traffic constraints and diffusion-based future driving-scene generation on nuScenes.","ECCV","2024-09","formal conference month"
"action_coupled","Navigation, Spatial Memory, and Long-Horizon Feedback","12","Navigation, Spatial Memory, and Long-Horizon Feedback","PiJEPA","pijepa2026","arXiv","2026","2026-03","arXiv v1 month","frozen vision encoder + JEPA predictor","action-conditioned JEPA predictor","NR","NR","TI-I;TI-G;AC-V;AC-N","I; T","NR","navigation Lat","future Lat","Goal; A","alternative A","policy learning + predictive world-model learning","JEPA prediction + policy-guided MPPI","CAST","real navigation","NR","NR","language-conditioned navigation; planning","CAST navigation tasks","named + custom","true","Primary paper verifies future latent-state prediction and policy-guided MPPI for language-conditioned navigation; long-horizon difficulty is motivation rather than an explicit memory mechanism.","arXiv","2026-03","arXiv v1 month"
"action_coupled","Navigation, Spatial Memory, and Long-Horizon Feedback","13","Navigation, Spatial Memory, and Long-Horizon Feedback","RAE-NWM","raenwm2026","arXiv","2026","2026-03","arXiv v1 month","representation autoencoder + diffusion transformer","conditional diffusion transformer","NR","NR","TI-I;TI-G;AC-N","I","NR","dense visual Lat","future Lat","navigation A","alternative trajectory","navigation predictive learning","action-conditioned latent diffusion","navigation trajectories","real + sim","NR","NR","navigation planning","navigation datasets","named + custom","true","Primary paper verifies action-conditioned transitions in dense DINOv2 visual features for navigation; dense features improve structural stability but are not an explicit geometric state representation.","arXiv","2026-03","arXiv v1 month"
"temporal_imaginative","Interactive Visual Worlds and Game Simulators","8","Interactive Visual Worlds and Game Simulators","Genie 2","deepmind2024genie2","DeepMind","2024","2024-12","official release month","video autoencoder + transformer","autoregressive latent diffusion","NR","NR","TI-I;TI-G;TI-M","I","NR","visual context","future V","A","alternative A","large-scale predictive learning","action-conditioned latent diffusion","large-scale video","real + gameplay video","NR","NR","interactive 3D worlds; agent training","interactive demonstrations","custom protocol","true","Google DeepMind's primary release verifies an autoregressive latent-diffusion world model conditioned frame by frame on past latents and user actions.","DeepMind","2024-12","official release month"
"temporal_imaginative","Interactive Visual Worlds and Game Simulators","9","Interactive Visual Worlds and Game Simulators","Genie 3","deepmind2025genie3","DeepMind","2025","2025-08","official release month","proprietary world model","general-purpose interactive generator","NR","NR","TI-I;TI-G;TI-M","I; T","NR","memory context","V","T; A","alternative A","large-scale predictive learning","real-time action-conditioned world generation","large-scale video","real + gameplay video","NR","NR","general interactive worlds; agent training","interactive demonstrations","custom protocol","true","Google DeepMind's primary release verifies image/text context and action-conditioned interactive generation with promptable world events; action is represented under Control rather than duplicated in Input.","DeepMind","2025-08","official release month"
"temporal_imaginative","Interactive Visual Worlds and Game Simulators","10","Interactive Visual Worlds and Game Simulators","WHAM","kanervisto2025wham","Nature","2025","2025-02","journal publication month","VQGAN + causal transformer","causal token transformer","1.6B","NR","TI-I;TI-G;TI-M","V","NR","shared visual-action tokens","future I; A","A","alternative A","gameplay sequence modeling","next visual/action token prediction","Bleeding Edge gameplay","real gameplay","NR","NR","gameplay generation; game design","Bleeding Edge","named game + user study","true","Primary Nature paper verifies a VQGAN tokenizer and causal decoder-only Transformer that autoregressively predicts interleaved visual and controller-action tokens.","Nature","2025-02","journal publication month"
"temporal_imaginative","Interactive Visual Worlds and Game Simulators","11","Interactive Visual Worlds and Game Simulators","Oasis","decart2024oasis","Decart","2024","2024-10","official release month","ViT autoencoder + DiT","autoregressive latent diffusion","NR","NR","TI-I;TI-G","I","NR","frame history","next I","A","alternative A","gameplay predictive learning","Diffusion Forcing","Minecraft gameplay","gameplay video","NR","NR","real-time playable worlds","Minecraft demo","custom protocol","true","Primary project report verifies a Transformer spatial autoencoder and DiT backbone trained with Diffusion Forcing for autoregressive, keyboard-conditioned real-time generation.","Decart","2024-10","official release month"
"temporal_imaginative","Interactive Visual Worlds and Game Simulators","12","Interactive Visual Worlds and Game Simulators","Matrix-Game 2.0","he2025matrixgame2","arXiv","2025","2025-08","arXiv v1 month","causal video diffusion transformer","autoregressive diffusion","NR","NR","TI-I;TI-G;TI-M","I","NR","visual history","future V","keyboard/mouse A","alternative A","interactive-video predictive learning","few-step autoregressive diffusion","Unreal Engine; GTA V","synthetic + gameplay","NR","NR","real-time interactive worlds","UE; GTA V environments","custom protocol","true","Primary report verifies causal few-step autoregressive diffusion, frame-level keyboard/mouse conditioning, and streaming generation across Unreal Engine and GTA V environments.","arXiv","2025-08","arXiv v1 month"
"temporal_imaginative","Interactive Visual Worlds and Game Simulators","13","Interactive Visual Worlds and Game Simulators","Hunyuan-GameCraft","arxiv250617201","arXiv","2025","2025-06","arXiv v1 month","video diffusion transformer","history-conditioned video diffusion","NR","NR","TI-I;TI-G;TI-M","V","NR","visual history","future V","keyboard/mouse A","alternative A","interactive-video predictive learning","hybrid history conditioning + distillation","gameplay from 100+ AAA games","gameplay video","NR","NR","interactive game generation","AAA game demonstrations","custom protocol","true","Primary report verifies action-controlled diffusion with hybrid history conditioning and autoregressive extension, trained on more than one million gameplay recordings.","arXiv","2025-06","arXiv v1 month"
"temporal_imaginative","Interactive Visual Worlds and Game Simulators","14","Interactive Visual Worlds and Game Simulators","Odyssey-2","odyssey2025worldmodel","Odyssey","2025","2025-10","official release month","proprietary world model","general-purpose real-time generator","NR","NR","TI-I;TI-G;TI-M","I; T","NR","memory context","V","T; A","alternative A","large-scale predictive learning","real-time interactive generation","large-scale video","real video","NR","NR","general interactive worlds","interactive demonstrations","custom protocol","true","Odyssey's primary release verifies visual/text context and ongoing interactive control; detailed architecture is undisclosed, so action is retained only as the Control interface.","Odyssey","2025-10","official release month"
"temporal_imaginative","Interactive Visual Worlds and Game Simulators","15","Interactive Visual Worlds and Game Simulators","LingBot-World","robbyant2026lingbotworld","arXiv","2026","2026-01","technical-report release month","causal diffusion transformer","causal video diffusion","NR","NR","TI-I;TI-G;TI-M","I; T","NR","visual history","future V","T; A","alternative A","interactive-video predictive learning","causal diffusion + long-context rollout","video; games; Unreal Engine","real + synthetic","NR","NR","interactive worlds; embodied simulation","interactive world tests","custom protocol","true","Primary report verifies visual/text context and action-conditioned causal diffusion for long-horizon interaction; action is recorded under Control.","arXiv","2026-01","technical-report release month"
"temporal_imaginative","Large-Scale Video Worlds and Foundation Generative Simulators","11","Large-Scale Video Worlds and Foundation Generative Simulators","GWM-1","runway2025gwm1","Runway","2025","2025-12","official release month","Gen-4.5 video backbone","autoregressive video world model","NR","NR","TI-I;TI-G;AC-R","V; T","NR","visual context","future V","T; A","alternative A","domain post-training","action-conditioned autoregressive generation","large-scale video; robot data","real video","NR","NR","interactive worlds; robotics; avatars","product demonstrations","custom protocol","true","Runway's primary release verifies video/text context and frame-by-frame conditioning on camera pose, robot commands, events, and audio; commands are represented under Control.","Runway","2025-12","official release month"
"structured_state","Spatial, Geometric, and Occupancy States","4","Spatial, Geometric, and Occupancy States","Marble","worldlabs2025marble","World Labs","2025","2025-09","official release month","proprietary multimodal model","multimodal 3D world generator","NR","NR","SS-G","V; I; T","NR","3D world","3D world assets","T; I; V","NR","multimodal world generation","persistent 3D world generation","multimodal 3D data","real + synthetic","NR","NR","3D world creation; simulation","product demonstrations","custom protocol","true","World Labs' primary release verifies persistent, editable, and exportable 3D worlds; the public description does not establish an explicit entity-relation state model.","World Labs","2025-09","official release month"
"structured_state","Spatial, Geometric, and Occupancy States","5","Spatial, Geometric, and Occupancy States","HY-World 2.0","arxiv260414268","arXiv","2026","2026-04","arXiv v1 month","panorama / diffusion / 3D reconstruction pipeline","multi-stage 3D generation pipeline","NR","NR","TI-G;SS-G","V; I; T","NR","3D world","3D world assets","T; I; V","NR","multi-stage predictive learning","panorama expansion + 3DGS reconstruction","image; video; 3D data","real + synthetic","NR","NR","persistent 3D worlds; digital twins","3D generation/reconstruction suites","named + custom","true","Primary technical report verifies generative world expansion, feed-forward geometry prediction, and 3DGS composition; it does not expose a separate entity-relation dynamics model.","arXiv","2026-04","arXiv v1 month"
"action_coupled","Robot World Models and World-Action Models","7","Robot World Models and World-Action Models","1X World Model","onex2025worldmodel","1X","2025","2025-06","official release month","video/action encoders + latent backbone","action-conditioned video world model","NR","NR","TI-G;AC-R","V","Val","video latent","future V; A","A","alternative A","video pretraining + robot post-training","future video + state-value prediction","web video; 1X robot data","real robot","NR","NR","humanoid policy evaluation","1X humanoid tasks","custom robot tasks","true","Primary technical report verifies action-conditioned future video and task-value prediction for full-body humanoid policy comparison; the backbone family is not disclosed.","1X","2025-06","official release month"
"action_coupled","Robot World Models and World-Action Models","8","Robot World Models and World-Action Models","Genie Envisioner","arxiv250805635","ICLR","2026","2026-04","formal conference month","video diffusion + action decoder","instruction-conditioned video diffusion","NR","NR","TI-G;AC-V;AC-R","V; T","NR","video latent","future V; A","T; A","alternative A","joint robot world/action training","video prediction + action flow matching","AgiBot World; robot data","real robot","NR","NR","robot policy learning; simulation; evaluation","robot manipulation suites","named + custom","true","Primary report verifies an instruction-conditioned video-diffusion foundation, flow-matching action decoder, and action-conditioned neural simulator for robotic manipulation.","ICLR","2026-04","formal conference month"
"action_coupled","Robot World Models and World-Action Models","9","Robot World Models and World-Action Models","Qwen-RobotWorld","zhang2026qwenrobotworld","arXiv","2026","2026-06","technical-report release month","language-conditioned video diffusion","language-conditioned video diffusion","NR","NR","TI-G;AC-V;AC-R","V; T","NR","video latent","future V; A","T; A","alternative A","robot-video predictive learning","language-conditioned future-video prediction","robot video mixtures","real + synthetic robot","NR","NR","robot simulation; policy learning","robot manipulation suites","named + custom","true","Primary technical report verifies a language-conditioned video world model trained for embodied future prediction and downstream robot learning.","arXiv","2026-06","technical-report release month"
"action_coupled","Driving World Models","9","Driving World Models","GAIA-2","russell2025gaia2","arXiv","2025","2025-03","arXiv v1 month","video tokenizer + diffusion model","latent diffusion world model","NR","NR","TI-G;SS-G;AC-D","V; T","NR","multi-view visual state","future multi-view V","ego Traj.","alternative Traj.","driving-video predictive learning","structured multi-view latent diffusion","Wayve driving data","real driving","NR","NR","driving simulation; safety testing","Wayve driving scenarios","custom protocol","true","Primary Wayve report verifies a latent-diffusion world model conditioned on ego dynamics, agent configurations, road semantics, and environmental factors for multi-camera generation.","arXiv","2025-03","arXiv v1 month"
"action_coupled","Driving World Models","10","Driving World Models","OmniDreams","nvidia2026omnidreams","arXiv","2026","2026-06","arXiv v1 month","Cosmos causal transformer","autoregressive diffusion transformer","NR","NR","TI-I;TI-G;TI-M;AC-D","V; T","R","multi-view visual state","future multi-view V","ego Traj.","alternative Traj.","driving-world post-training","step-wise world generation + closed-loop simulation","21K-hour driving data","real + synthetic driving","NR","NR","closed-loop driving simulation; policy evaluation","NuRec; AlpaSim","named + custom","true","Primary NVIDIA report verifies a Cosmos-derived causal Transformer with few-step denoising that autoregressively returns multi-camera observations in a policy-in-the-loop simulator.","arXiv","2026-06","arXiv v1 month"
"action_coupled","Driving World Models","11","Driving World Models","Waabi World","waabi2022world","Waabi","2022","2022-02","official release month","neural rendering + physics simulation","hybrid neural simulator","N/A","N/A","SS-G;SS-P;SS-E;AC-D","I; L; P","R","multi-sensor state","future sensors","A; state","PhyPar","closed-loop neural simulation","digital-twin reconstruction + sensor simulation","Waabi driving logs","real driving","N/A","N/A","closed-loop driving training; safety testing","proprietary driving scenarios","product protocol","true","Waabi's primary technical description verifies data-driven digital twins, hybrid neural/physics sensor simulation, reactive traffic-state updates, and policy-in-the-loop training.","Waabi","2022-02","official release month"
"action_coupled","Tool-Mediated Worlds and Software State Models","16","Tool-Mediated Worlds and Software State Models","Qwen-AgentWorld","arxiv260624597","arXiv","2026","2026-06","technical-report release month","Qwen MoE language model","language world model","NR","NR","TI-I;TI-G;SS-E;AC-T","T; E","tool output","Ext","next web state/outcome","Tool","alternative Tool","CPT + SFT + RL","reasoned next-state prediction","10M interaction trajectories","real agent environments","NR","NR","agent-environment simulation; agent training","Web; OS; Android; Terminal; SWE; MCP","named benchmark suite","true","Primary report verifies reasoned next-state simulation from observation-action trajectories and use as a controllable environment model for agentic RL; it does not claim persistent memory as its defining mechanism.","arXiv","2026-06","technical-report release month"
"temporal_imaginative","Interactive Visual Worlds and Game Simulators","2","Interactive Visual Worlds and Game Simulators","PlaNet","hafner2019planet","ICML","2019","2019-06","formal conference month","CNN encoder/decoder","RSSM","NR","NR","TI-I;TI-G;TI-M;AC-R","I","R","Lat","I; R; continuation","A","alternative A","online model-based RL","latent dynamics learning + CEM planning","DeepMind Control Suite","sim","NR","NR","visual control; planning","DeepMind Control Suite","named benchmarks","true","Primary ICML paper verifies pixel observations as model context and candidate action sequences as the CEM planning/control interface in latent space.","ICML","2019-06","formal conference month"
"temporal_imaginative","Interactive Visual Worlds and Game Simulators","2","Interactive Visual Worlds and Game Simulators","DreamerV2","hafner2020dreamerv2","ICLR","2021","2021-05","formal conference month","CNN encoder/decoder","discrete RSSM","NR","NR","TI-I;TI-G;TI-M;AC-R","I","R","Lat","I; R; continuation","A","alternative A","online model-based RL","discrete world prediction + actor-critic in imagination","Atari interaction","sim","NR","NR","game control","Atari 100K","named benchmarks","true","Primary ICLR paper verifies image observations as context, actions as the RSSM transition/control variable, and rewards as predicted feedback on Atari.","ICLR","2021-05","formal conference month"
"temporal_imaginative","Interactive Visual Worlds and Game Simulators","3","Interactive Visual Worlds and Game Simulators","MuZero","schrittwieser2020muzero","Nature","2020","2020-12","journal publication month","representation + dynamics networks","recurrent latent dynamics","NR","NR","TI-I;TI-G;TI-M","I","R","latent game state","next Lat; R; value; policy","A","alternative A","online model-based RL","latent dynamics + MCTS","Atari; Go; Chess; Shogi","sim","NR","NR","game playing; planning","Atari; Go; Chess; Shogi","named benchmarks","true","Primary Nature paper verifies observations encoded into latent state and candidate actions expanded by learned dynamics during MCTS; action is therefore Control rather than observational Input.","Nature","2020-12","journal publication month"
"temporal_imaginative","Interactive Visual Worlds and Game Simulators","5","Interactive Visual Worlds and Game Simulators","IRIS","micheli2023iris","ICLR","2023","2023-05","formal conference month","discrete autoencoder + transformer","autoregressive transformer","NR","NR","TI-I;TI-G","I","R","discrete visual tokens","next I; R","A","alternative A","online model-based RL","next-token world prediction + actor-critic","Atari interaction","sim","NR","NR","game simulation; control","Atari 100K","named benchmarks","true","Primary ICLR paper verifies visual-token history as context and actions as the controllable transition input to the autoregressive world model.","ICLR","2023-05","formal conference month"
"temporal_imaginative","Interactive Visual Worlds and Game Simulators","5","Interactive Visual Worlds and Game Simulators","DIAMOND","alonso2024diamond","NeurIPS","2024","2024-12","formal conference month","diffusion model","diffusion world model","NR","NR","TI-I;TI-G","I","R","frame history","next I; R","A","alternative A","online model-based RL","diffusion world prediction + actor-critic","Atari interaction; CS:GO","sim gameplay","NR","NR","game simulation; control","Atari 100K; CS:GO","named + custom","true","Primary NeurIPS paper verifies recent visual observations as context and actions as the environment-model conditioning/control signal.","NeurIPS","2024-12","formal conference month"
"temporal_imaginative","Interactive Visual Worlds and Game Simulators","6","Interactive Visual Worlds and Game Simulators","Dreamer 4","hafner2025dreamer4","arXiv","2025","2025-09","arXiv v1 month","video tokenizer + transformer","autoregressive transformer","NR","NR","TI-I;TI-G","V","R","discrete visual tokens","next I; R","A","alternative A","offline model-based RL","autoregressive video prediction + imagination learning","Minecraft video","gameplay video","NR","NR","interactive world simulation; control","Minecraft diamond task","custom task","true","Primary paper verifies video context as Input and mouse/keyboard action conditioning as Control; most world knowledge is learned from action-free video with limited action-labeled data.","arXiv","2025-09","arXiv v1 month"
"action_coupled","Robot World Models and World-Action Models","6","Robot World Models and World-Action Models","DreamZero","dreamzero2026","ICLR W.","2026","2026-04","formal workshop month","pretrained video diffusion","joint world-action model","NR","NR","TI-G;AC-V;AC-R","I; T","NR","video latent","future V; A","T; A","alternative A","video-prior adaptation","joint future-state/action prediction","robot video and demonstrations","real robot","NR","NR","zero-shot robot control","cross-task robot evaluation","custom protocol","true","Primary paper verifies current visual observations and task language as context, with the joint video-action model producing/executing action sequences; Control records the text-conditioned action interface.","ICLR W.","2026-04","formal workshop month"
"action_coupled","Driving World Models","1","Driving World Models","MILE","mile2022","NeurIPS","2022","2022-12","formal conference month","camera encoder/decoder","latent driving dynamics + policy","NR","NR","TI-I;TI-G;TI-M;SS-G;AC-D","I","R","Lat; BEV-like","future Lat; I; A","A","alternative A","offline imitation learning","variational world loss + imitation policy","CARLA rollouts","sim driving","NR","NR","autonomous driving","CARLA","named simulator","true","Primary NeurIPS paper verifies camera-only observations as Input and imagined/predicted driving actions as the control interface; BEV is a decoded target, not an input modality.","NeurIPS","2022-12","formal conference month"
"action_coupled","Driving World Models","2","Driving World Models","TrafficBots","trafficbots2023","ICRA","2023","2023-05","formal conference month","agent-centric transformer","configurable multi-agent transformer","NR","NR","TI-I;TI-G;SS-P;SS-E;AC-D","agent states; map","NR","Ent; Graph","agent trajectories","ego / agent A","agent goals / behaviors","supervised sequence modeling","multi-agent trajectory likelihood","Waymo Open Motion","real driving","NR","NR","traffic simulation; planning","Waymo Open Motion","named dataset","true","Primary ICRA paper verifies vectorized agent/map context as Input and per-agent destinations plus latent behavioral personalities as configurable Control.","ICRA","2023-05","formal conference month"
"action_coupled","Driving World Models","3","Driving World Models","Drive-WM","drivewm2023","CVPR","2024","2024-06","formal conference month","multi-view video encoder","trajectory-conditioned driving WM","NR","NR","TI-I;TI-G;SS-G;AC-D","multi-view I","R","multi-view visual state","future multi-view V","ego Traj.","alternative Traj.","driving-video predictive learning","multi-view diffusion + image reward","nuScenes","real driving","NR","NR","trajectory planning; simulation","nuScenes","named dataset","true","Primary CVPR paper verifies multi-view visual history as Input and distinct candidate driving maneuvers/trajectories as Control for branching futures and image-based selection.","CVPR","2024-06","formal conference month"
"action_coupled","Driving World Models","4","Driving World Models","Vista","vista2024","NeurIPS","2024","2024-12","formal conference month","video diffusion model","controllable driving simulator","NR","NR","TI-G;AC-D","V; P","NR","visual history","future V","command; goal; Traj.; steering; speed","alternative control","driving-video predictive learning","conditional future-video diffusion","OpenDV-YouTube; nuScenes","real driving","NR","NR","driving simulation; action evaluation","OpenDV-YouTube; nuScenes","named + custom","true","Primary NeurIPS paper verifies historical video/pose context and a versatile Control interface spanning command, goal point, trajectory, steering angle, and speed.","NeurIPS","2024-12","formal conference month"
"action_coupled","Navigation, Spatial Memory, and Long-Horizon Feedback","1","Navigation, Spatial Memory, and Long-Horizon Feedback","Pathdreamer","pathdreamer2021","ICCV","2021","2021-10","formal conference month","panoramic encoder + GAN","autoregressive navigation WM","NR","NR","TI-I;TI-G;SS-G;AC-N","I; D; P","NR","panoramic RGB-D / semantic","unvisited views","A; pose","alternative path","navigation predictive learning","RGB / semantic / depth generation","Matterport3D trajectories","real indoor scans","NR","NR","look-ahead navigation","Matterport3D; VLN","named tasks","true","Primary paper verifies previous panoramic observations and viewpoint/pose history as Input; unvisited viewpoints along candidate trajectories form the trajectory Control, not an extra action observation.","ICCV","2021-10","formal conference month"
"action_coupled","Navigation, Spatial Memory, and Long-Horizon Feedback","2","Navigation, Spatial Memory, and Long-Horizon Feedback","NWM","nwm2025","CVPR","2025","2025-06","formal conference month","video diffusion model","action-conditioned navigation WM","NR","NR","TI-I;TI-G;AC-N","I","NR","egocentric visual history","future V","navigation A","alternative trajectory","navigation predictive learning","action-conditioned video prediction","egocentric navigation trajectories","real + sim","NR","NR","trajectory ranking; navigation","navigation tasks","named + custom","true","Primary CVPR paper explicitly defines past visual observations as Input and navigation actions/candidate trajectories as Control for future-observation simulation.","CVPR","2025-06","formal conference month"
"action_coupled","Navigation, Spatial Memory, and Long-Horizon Feedback","3","Navigation, Spatial Memory, and Long-Horizon Feedback","NavWAM","navwam2026","arXiv","2026","2026-06","arXiv v1 month","vision-language backbone","navigation world-action model","NR","NR","TI-G;AC-N","I","Val","Lat task state","future I; Val; action chunk","Goal; A","alternative A","joint navigation training","world prediction + goal progress + action loss","navigation trajectories","real + sim","NR","NR","goal-conditioned navigation","custom navigation suite","custom protocol","true","Primary paper verifies current and image-goal observations as Input and executable action chunks as the goal-conditioned actuation interface; it does not use language instructions.","arXiv","2026-06","arXiv v1 month"
"action_coupled","Tool-Mediated Worlds and Software State Models","1","Tool-Mediated Worlds and Software State Models","WebDreamer","webdreamer2025","TMLR","2025","2025-10","journal publication month","LLM","textual web-outcome world model","NR","NR","TI-I;TI-G;SS-E;AC-T","DOM; T; E","tool output","Ext","next web state/outcome","Tool","alternative Tool","test-time model-based planning","candidate-action outcome prediction + ranking","N/A","N/A","N/A","N/A","web agent planning","VisualWebArena; Mind2Web","named benchmarks","true","Primary TMLR paper verifies the current web observation/task context as Input and candidate web actions as Tool Control whose outcomes are simulated before execution.","TMLR","2025-10","journal publication month"
"action_coupled","Tool-Mediated Worlds and Software State Models","15","Tool-Mediated Worlds and Software State Models","CWM","cwm2025","arXiv","2025","2025-09","technical-report release month","code LLM","autoregressive code-world model","NR","NR","TI-I;TI-G;SS-E;AC-T","code; files; E; Tool","execution / test output","Ext","next code / file / execution state","Tool","alternative edit / command","continued pretraining / agent use","next-state / code prediction","code; execution trajectories","software traces","NR","NR","coding agent; software reasoning","SWE-bench-style and custom tests","named + custom","true","Primary paper verifies code/file/execution context as Input and edits, interpreter calls, and shell/tool operations as Tool Control in step-by-step software-state simulation.","arXiv","2025-09","technical-report release month"
"temporal_imaginative","Interactive Visual Worlds and Game Simulators","4","Interactive Visual Worlds and Game Simulators","TransDreamer","chen2021transdreamer","NeurIPS W.","2021","2021-12","formal workshop month","Transformer State-Space Model","transformer state-space model","NR","NR","TI-I;TI-G;TI-M;AC-R","I","R","Lat","I; R; continuation","A","alternative A","online model-based RL","transformer latent dynamics + actor-critic","Hidden Order Discovery; DMC; Atari","sim","NR","NR","memory-based visual control","Hidden Order Discovery; DMC; Atari","named + custom","true","Primary paper verifies the action-conditioned Transformer State-Space Model, imagined actor-critic learning, future-frame/reward prediction, and long-memory visual-control evaluations.","NeurIPS W.","2021-12","formal workshop month"
"temporal_imaginative","Interactive Visual Worlds and Game Simulators","6","Interactive Visual Worlds and Game Simulators","TWM","robine2023transformerwm","ICLR","2023","2023-05","formal conference month","CNN VAE + Transformer-XL","Transformer-XL world model","NR","NR","TI-I;TI-G;TI-M","I","R","latent game state","next Lat; R; value; policy","A","alternative A","online model-based RL","autoregressive latent/reward prediction + actor-critic","Atari interaction","sim","NR","NR","game simulation; control","Atari 100K","named benchmark","true","Primary ICLR paper verifies autoregressive Transformer-XL modeling of latent states, actions, and rewards and policy learning from generated Atari experience.","ICLR","2023-05","formal conference month"
"temporal_imaginative","Interactive Visual Worlds and Game Simulators","7","Interactive Visual Worlds and Game Simulators","STORM","zhang2023storm","NeurIPS","2023","2023-12","formal conference month","categorical VAE + Transformer","stochastic transformer world model","NR","NR","TI-I;TI-G","I","R","latent game state","next Lat; R; value; policy","A","alternative A","online model-based RL","stochastic latent prediction + actor-critic","Atari interaction","sim","NR","NR","game simulation; control","Atari 100K","named benchmark","true","Primary NeurIPS paper verifies stochastic Transformer latent dynamics, observation/reward/continuation prediction, and imagined actor-critic learning on Atari 100K.","NeurIPS","2023-12","formal conference month"
"temporal_imaginative","Interactive Visual Worlds and Game Simulators","8","Interactive Visual Worlds and Game Simulators","MineWorld","arxiv250408388","arXiv","2025","2025-04","arXiv v1 month","visual/action tokenizers + Transformer","visual-action autoregressive transformer","NR","NR","TI-I;TI-G;AC-T","I","NR","discrete visual tokens","I","keyboard/mouse A","alternative A","predictive world-model learning","interleaved visual-action next-token prediction","VPT Minecraft gameplay","gameplay video","NR","NR","interactive game simulation","Minecraft; action following","custom suite","true","Primary paper verifies interleaved visual/action tokens, autoregressive next-token learning, keyboard/mouse control, VPT training data, and real-time Minecraft generation.","arXiv","2025-04","arXiv v1 month"
"temporal_imaginative","Large-Scale Video Worlds and Foundation Generative Simulators","1","Large-Scale Video Worlds and Foundation Generative Simulators","Cosmos","arxiv250103575","arXiv","2025","2025-01","technical-report release month","diffusion/AR Transformers + video tokenizers","autoregressive/diffusion WFM","NR","NR","TI-I;TI-G;AC-R;AC-D;AC-N","V; I; T","NR","visual tokens","V","T; I; V","NR","world-model pretraining + domain post-training","autoregressive/diffusion world prediction","large-scale video; Physical AI data","real + synthetic","NR","NR","Physical AI simulation; robotics; driving","camera control; robot manipulation; autonomous driving","custom suite","true","Primary NVIDIA report verifies continuous-token diffusion and discrete-token autoregressive WFMs, large-scale video pretraining, and post-training for camera control, robotics, and driving.","arXiv","2025-01","technical-report release month"
"temporal_imaginative","Latent-State Interfaces for Multimodal Reasoning","1","Latent-State Interfaces for Multimodal Reasoning","WorldGPT","arxiv240418202","ACM MM","2024","2024-10","formal conference month","Vicuna-7B + LanguageBind","multimodal LLM world model","NR","NR","TI-G;TI-M","I; V; T; Au","NR","multimodal state embeddings","next multimodal state","natural-language A","alternative A","progressive multimodal state-transition learning","any-to-any state-transition prediction + memory/reflection","WorldNet-Wild","internet video","NR","NR","multimodal state prediction; agent data synthesis","WorldNet","named benchmark","true","Primary ACM MM paper verifies any-to-any multimodal state-transition prediction, natural-language action conditioning, WorldNet-Wild training, and memory/retrieval/reflection modules.","ACM MM","2024-10","formal conference month"
"temporal_imaginative","Latent-State Interfaces for Multimodal Reasoning","2","Latent-State Interfaces for Multimodal Reasoning","Latent Visual States","liu2026latentvisualstates","arXiv","2026","2026-06","arXiv v1 month","Qwen2.5-VL + visual encoder","autoregressive MLLM with latent slots","NR","NR","TI-G","I; T","NR","latent visual thought tokens","answer","None","None","supervised latent-slot learning + D-GSPO","latent-slot reasoning + D-GSPO","EVA-230K","multimodal reasoning data","NR","NR","multimodal reasoning","multimodal reasoning suites","named benchmarks","true","Primary paper verifies adaptive continuous Latent_slot tokens as intermediate visual thoughts, EVA-230K supervision, and D-GSPO reinforcement learning for multimodal reasoning.","arXiv","2026-06","arXiv v1 month"
"temporal_imaginative","Latent-State Interfaces for Multimodal Reasoning","3","Latent-State Interfaces for Multimodal Reasoning","DLWM","huang2026dlwm","arXiv","2026","2026-06","arXiv v1 month","ViT-L/14 + Transformer decoder","transformer latent reasoning model","NR","NR","TI-I;TI-G","I; T","NR","diverse latent world hypotheses","answer","None","None","supervised latent reasoning + resource-aware RL","diverse latent hypotheses + resource-aware RL","GQA; VQAv2; MMVP; ScienceQA","multimodal reasoning data","NR","NR","multimodal reasoning under ambiguity","GQA; VQAv2; MMVP; ScienceQA","named benchmarks","true","Primary paper verifies multiple continuous latent world hypotheses, parallel latent rollouts, and a resource-aware RL controller that expands, stops, merges, or answers under a compute budget.","arXiv","2026-06","arXiv v1 month"
"temporal_imaginative","Interactive Visual Worlds and Game Simulators","0","Interactive Visual Worlds and Game Simulators","Visual Foresight","ebert2018visualforesight","arXiv","2018","2018-12","arXiv v1 month","convolutional video prediction network","stochastic video prediction model","NR","NR","TI-I;TI-G;AC-R","I","NR","frame history","next I","A","alternative A","self-supervised predictive learning + MPC","action-conditioned video prediction + visual MPC","autonomous robot interaction video","real robot","NR","NR","robot manipulation; visual planning","real-robot manipulation tasks","custom tasks","true","The primary paper verifies action-conditioned future-image prediction from robot interactions and visual MPC for goal-image, designated-pixel, and classifier-specified manipulation tasks.","arXiv","2018-12","arXiv v1 month"
"temporal_imaginative","Interactive Visual Worlds and Game Simulators","5","Interactive Visual Worlds and Game Simulators","Masked World Models","seo2023maskedwm","CoRL","2022","2022-12","formal conference month","masked convolutional autoencoder + ViT + RSSM","RSSM","NR","NR","TI-I;TI-G;AC-R","I","R","task Lat","next Lat; R; value; policy","A","alternative A","online model-based RL","masked reconstruction + latent dynamics + reward prediction + actor-critic","Meta-World; RLBench interaction","sim","NR","NR","visual robotic control","Meta-World; RLBench","named benchmarks","true","The CoRL paper verifies masked visual representation learning, a separate latent dynamics model, auxiliary reward prediction, online interaction, and visual-control evaluation on Meta-World and RLBench.","CoRL","2022-12","formal conference month"
"action_coupled","Driving World Models","3","Driving World Models","Think2Drive","think2drive2024","ECCV","2024","2024-09","formal conference month","compact encoder + recurrent latent dynamics + actor-critic","latent driving dynamics + policy","NR","NR","TI-I;TI-G;SS-G;AC-D","state","R","task Lat","next Lat; R; value; policy","A","alternative A","online model-based RL","latent dynamics + imagined actor-critic","CARLA Leaderboard v2 interaction","sim","NR","NR","autonomous driving; planner training","CARLA Leaderboard v2","named benchmark","true","The ECCV paper verifies a compact latent world model that learns CARLA environment transitions and serves as a neural simulator for reinforcement-learning-based planner training.","ECCV","2024-09","formal conference month"
