"section6_block","section6_subgroup","section6_anchor","display_order","benchmark","cite_keys","venue","year","chronology_month","chronology_basis","domains","resource_type","modalities","target_outputs","scale_value","scale_unit","task","evaluation_unit","main_dimensions","main_metrics","display_dimensions_metrics","display_dimensions","display_metrics","conditioning","intervention","reference_type","judge_type","loop_setting","verified_from_primary","evidence_note"
"Action-Coupled Utility and Safety Evaluation","Policy Utility","sec:evaluation_interactive","1","DeepMind Control Suite","tassa2018deepmind","arXiv","2018","2018-01","Initial arXiv release (v1): 2018-01 [1801.00690]","Robotics; Physical","Suite","I/State; Act","Reward","14","domains","Continuous control","episode","control return; sample efficiency","episode return","control return; sample efficiency; episode return","control return; sample efficiency","episode return","pixel or state observation","task and action dynamics","simulator rewards","episodic return","closed-loop control","true","Primary technical report defines a standardized continuous-control suite spanning 14 task domains."
"Structured-State Consistency Evaluation","Physical Consistency","sec:evaluation_consistency","2","PHYRE","bakhtin2019phyre","NeurIPS","2019","2019-08","Initial arXiv release (v1): 2019-08 [1908.05656]","Physical","Env. / Bench.","I; Act","Success","5K","tasks","Physical intervention","puzzle","solution efficiency; within-template generalization; cross-template generalization","AUCCESS","solution efficiency; within/cross-template generalization; AUCCESS","solution efficiency; template generalization","AUCCESS","initial scene","action placement","physics-simulator outcomes","task success","closed-loop puzzle","true","NeurIPS 2019 paper defines two tiers with 25 templates and 100 tasks per template, totaling 5,000 tasks."
"Action-Coupled Utility and Safety Evaluation","Policy Utility","sec:evaluation_interactive","3","Atari 100K (ALE)","kaiser2020atari100k;bellemare2013ale","ICLR","2019","2019-03","Initial arXiv release (v1): 2019-03 [1903.00374]","Games","Env. / Protocol","I; Act","Reward","26; 100K","games; interactions","Sample-efficient visual control","game","sample efficiency; long-horizon control","human-normalized score","sample efficiency; long-horizon control; human-normalized score","sample efficiency; long-horizon control","human-normalized score","raw pixels and actions","100K-step protocol","ALE game returns","episodic return","closed-loop control","true","ICLR 2020 paper standardizes 100K interactions on 26 Atari games; ALE supplies the canonical environment interface."
"Structured-State Consistency Evaluation","Causal Consistency","sec:evaluation_consistency","4","CLEVRER","yi2020clevrer","ICLR","2019","2019-10","Initial arXiv release (v1): 2019-10 [1910.01442]","Physical","Dataset / Bench.","V; T","Answer","20K; 300K+","videos; QA pairs","Causal video reasoning","video-question","descriptive; explanatory; predictive; counterfactual","accuracy","descriptive; explanatory; predictive; counterfactual; accuracy","descriptive/explanatory/predictive/counterfactual QA","accuracy","synthetic video and question","question type and counterfactual event","simulator event graphs","answer accuracy","multimodal reasoning","true","ICLR 2020 paper and official dataset report 20,000 videos with more than 300,000 questions across four reasoning types."
"Structured-State Consistency Evaluation","Causal Consistency","sec:evaluation_consistency","5","CausalWorld","ahmed2020causalworld","ICLR","2020","2020-10","Initial arXiv release (v1): 2020-10 [2010.04296]","Robotics; Physical","Sim. / Bench.","I; External State; Act","State; Success","8","task distributions","Causal transfer","episode","intervention generalization; long-horizon control; transfer","volumetric overlap","intervention transfer; long-horizon control; volumetric overlap","intervention generalization; control/transfer","volumetric overlap","TriFinger scene and goal","causal variables and task distribution","simulator states","task success","closed-loop control","true","ICLR 2021 paper presents eight benchmark distributions with interventions over causal variables and long-horizon manipulation."
"Action-Coupled Utility and Safety Evaluation","Interactive and Digital Worlds","sec:evaluation_interactive","6","Crafter","hafner2021crafter","arXiv","2021","2021-09","Initial arXiv release (v1): 2021-09 [2109.06780]","Games","Env. / Bench.","I; Act","Reward","22","achievements","Open-ended survival","episode","exploration; generalization; long-term reasoning","Crafter score","exploration; generalization; long-term reasoning; Crafter score","exploration; generalization; long-horizon reasoning","Crafter score","pixels and actions","procedurally generated world","achievement events","achievement success","closed-loop control","true","Primary paper and official implementation define 22 achievements and the aggregate Crafter score for open-ended control."
"Structured-State Consistency Evaluation","Physical Consistency","sec:evaluation_consistency","7","Physion","bear2021physion","NeurIPS","2021","2021-06","Initial arXiv release (v1): 2021-06 [2106.08261]","Physical","Dataset / Bench.","V","Object State","1.2K","examples","Physical prediction","scenario","physical dynamics; human alignment","object-contact accuracy","physical dynamics; human alignment; object-contact accuracy","dynamics; human alignment","contact accuracy","initial video frames","physical scenarios","simulator outcomes and human judgments","automatic; human","open-loop prediction","true","NeurIPS 2021 Datasets and Benchmarks proceedings and the official project report 1.2K evaluation examples."
"Action-Coupled Utility and Safety Evaluation","Driving and Safety","sec:evaluation_interactive","8","UniSim","unisim2023sensor","CVPR","2023","2023-06","Formal venue month: CVPR 2023 (2023-06)","Driving","Sim. / Bench.","I; External State; Act","Sensor Rollout","NR","","Closed-loop sensor simulation","trajectory","sensor realism; controllability; downstream driving utility","","sensor realism; controllability; downstream driving utility","sensor realism; control; driving utility","","logged camera and LiDAR; ego pose","ego trajectory and sensor viewpoint","real sensor logs","rendering and downstream metrics","closed-loop sensor simulation","true","CVPR 2023 paper introduces a neural closed-loop camera and LiDAR sensor simulator; no single fixed evaluation-item count is defined."
"Temporal and Imaginative Evaluation","Generative Futures","sec:evaluation_static","9","SVIB","arxiv231109064","NeurIPS","2023","2023-11","Initial arXiv release (v1): 2023-11 [2311.09064]","General","Bench.","I","Image State","NR","","Systematic imagination","transition","compositional generalization; latent dynamics","","compositional generalization; latent dynamics","compositional generalization; latent dynamics","","visual state","latent-factor combinations","simulated transformations","automatic metrics","one-step generation","true","NeurIPS 2023 paper defines one-step image transformations under compositional latent world dynamics; fixed scale is not reported in the abstract."
"Action-Coupled Utility and Safety Evaluation","Driving and Safety","sec:evaluation_interactive","10","WOSAC","montali2023wosac","NeurIPS","2023","2023-05","Initial arXiv release (v1): 2023-05 [2305.12032]","Driving","Challenge / Bench.","External State","Agent Trajectory","44,920","test scenarios","Multi-agent simulation","8-s rollout","kinematics; interaction; map adherence; composite","WOSAC score","kinematics; interaction; map adherence; composite; WOSAC score","kinematics; interaction; map adherence","WOSAC score","agent history and road context","joint agent rollout","Waymo scenarios","likelihood metrics","open-loop multi-agent rollout","true","NeurIPS 2023 Datasets and Benchmarks paper reports 44,920 test scenarios and 80-step joint-agent rollouts."
"Structured-State Consistency Evaluation","Physical Consistency","sec:evaluation_consistency","11","I-PHYRE","li2024iphyre","ICLR","2023","2023-12","Initial arXiv release (v1): 2023-12 [2312.03009]","Physical","Env. / Bench.","I; Act","Success","40","games","Interactive physical reasoning","game","multi-step planning; action timing; generalization","reward; success rate","multi-step planning; action timing; generalization; reward/success","planning; action timing; generalization","success rate","evolving scene","in-situ action sequence","simulator outcomes","reward and task success","closed-loop interaction","true","ICLR 2024 paper reports 40 interactive physical-reasoning games and four generalization splits."
"Structured-State Consistency Evaluation","Occupancy Dynamics","sec:evaluation_consistency","12","Cam4DOcc","ma2024cam4docc","CVPR","2023","2023-11","Initial arXiv release (v1): 2023-11 [2311.17663]","Driving","Bench.","I","Occupancy","3","datasets","Occupancy forecasting","scene sequence","current occupancy; future occupancy; motion flow","","current occupancy; future occupancy; motion flow","current occupancy; future occupancy; motion flow","","camera sequence","forecast horizon","nuScenes; nuScenes-Occupancy; Lyft-Level5","occupancy and flow metrics","open-loop forecasting","true","Primary paper abstract: benchmark built from three public datasets."
"Action-Coupled Utility and Safety Evaluation","Driving and Safety","sec:evaluation_interactive","13","DrivingDojo","wang2024drivingdojo","NeurIPS","2024","2024-10","Initial arXiv release (v1): 2024-10 [2410.10738]","Driving","Dataset / Bench.","V; Act","Driving Video","18.2K","clips","Action-conditioned future prediction","clip","action following; multi-agent interaction; open-world knowledge","AIF","action following; multi-agent interaction; open-world knowledge; AIF","action following; multi-agent interaction; world knowledge","AIF","driving video and instruction","action and interaction category","curated clip annotations","AIF metrics","open-loop action-conditioned","true","NeurIPS 2024 Datasets and Benchmarks paper reports 18.2K clips across Action, Interplay, and Open categories."
"Structured-State Consistency Evaluation","Causal Consistency","sec:evaluation_consistency","14","VACT","arxiv250306163","arXiv","2025","2025-03","Initial arXiv release (v1): 2025-03 [2503.06163]","General","Protocol","V; T","Video","NR","","Causal generation testing","scenario","causal structure; intervention response; multi-level consistency","causal metrics","causal structure; intervention response; multilevel consistency","causal structure; intervention response; consistency","","scenario-level causal model","automated causal perturbations","LLM-constructed causal systems","automatic causal metrics","open-loop causal testing","true","Primary paper defines an automated causal-testing framework and multi-level metrics; its preliminary version appeared at SCSL at ICLR 2025."
"Temporal and Imaginative Evaluation","Imaginative Faithfulness","sec:evaluation_static","15","VBench-2.0","arxiv250321755","arXiv","2025","2025-03","Initial arXiv release (v1): 2025-03 [2503.21755]","General","Suite","V","Video","NR","","Faithfulness evaluation","clip","human fidelity; controllability; physics; commonsense","","human fidelity; controllability; physics; commonsense","human fidelity; controllability; physics; commonsense","","text prompts","dimension-specific tests","generated clips","generalist and specialist evaluators","open-loop generation","true","Primary paper abstract verifies five dimensions; numerical scale not reported."
"Action-Coupled Utility and Safety Evaluation","Driving and Safety","sec:evaluation_interactive","16","ACT-Bench","arai2024actbench","ICLR W.","2024","2024-12","Initial arXiv release (v1): 2024-12 [2412.05337]","Driving","Dataset / Bench.","V; Act","Driving Video","2,286","video-trajectory pairs","Action-fidelity evaluation","clip","trajectory following; motion consistency","action match; trajectory error","trajectory following/error; motion consistency; action match","action following; motion consistency","action match; trajectory error","context video and future trajectory","high-level driving action","nuScenes trajectory pairs","ACT-Estimator","open-loop action-conditioned","true","ICLR 2025 World Models workshop paper reports 2,286 context-video and trajectory pairs, nine action classes, and 36 trajectory templates."
"Structured-State Consistency Evaluation","Causal Consistency","sec:evaluation_consistency","17","MMWorld","he2025mmworld","ICLR","2024","2024-06","Initial arXiv release (v1): 2024-06 [2406.08407]","General","Dataset / Bench.","V; T","Answer","1,910; 6,627","videos; QA pairs","World-model video reasoning","video-question","explanation; counterfactual; prediction; multi-discipline","accuracy","explanation; counterfactual/prediction; multi-discipline; accuracy","explanation; counterfactual/predictive reasoning","accuracy","video and question","reasoning facet and discipline","human annotations; synthetic controls","answer accuracy","multimodal reasoning","true","ICLR 2025 proceedings report 1,910 videos, 6,627 QA pairs, seven disciplines, and 69 subdisciplines."
"Structured-State Consistency Evaluation","Physical Consistency","sec:evaluation_consistency","18","PhysBench","chow2025physbench","ICLR","2025","2025-01","Initial arXiv release (v1): 2025-01 [2501.16411]","General","Dataset / Bench.","I/V; T","Answer","10,002","entries","Physical understanding","item","properties; relationships; scenes; dynamics","accuracy","properties; relationships; scenes; dynamics; accuracy","properties; relationships; scenes; dynamics","accuracy","interleaved image; video; text","task category","expert QA","answer accuracy","multimodal reasoning","true","ICLR 2025 proceedings report 10,002 entries, four task classes, 19 subclasses, and eight capability dimensions; the project page later uses a ten-dimension counting convention."
"Structured-State Consistency Evaluation","Spatial and Geometric Consistency","sec:evaluation_consistency","19","LoopNav","arxiv250522976","arXiv","2025","2025-05","Initial arXiv release (v1): 2025-05 [2505.22976]","Games; Navigation","Dataset / Bench.","V; Act","Video Rollout","250; 20M","h; frames","Loop navigation","rollout","spatial consistency; loop closure","SGCS","spatial consistency; loop closure; SGCS","spatial consistency; loop closure","SGCS","Minecraft video and actions","loop trajectories","scene-graph relations","SGCS","long-horizon rollout","true","Primary paper abstract reports 250 hours and 20 million frames and introduces the Scene Graph Consistency Score."
"Action-Coupled Utility and Safety Evaluation","Policy Utility","sec:evaluation_interactive","20","WorldEval","arxiv250519017","arXiv","2025","2025-05","Initial arXiv release (v1): 2025-05 [2505.19017]","Robotics","Protocol","V","Policy","NR","","Policy ranking","policy-task pair","policy ranking; value correlation; safety","","policy ranking; value correlation; safety","policy ranking; value correlation; safety","","robot policy actions","policy checkpoints","real-world paired outcomes","online world-model evaluation","world-model proxy","true","Primary paper abstract verifies ranking and safety detection; numerical scale not reported."
"Structured-State Consistency Evaluation","Spatial and Geometric Consistency","sec:evaluation_consistency","21","MEt3R","asim2025met3r","CVPR","2025","2025-01","Initial arXiv release (v1): 2025-01 [2501.06336]","3D/4D","Metric","I","Multi-view Image","NR","","Multi-view consistency","view pair","spatial consistency","MEt3R","spatial consistency (MEt3R)","spatial consistency","MEt3R","generated view pair","viewpoint change","dense correspondences","feature metric","open-loop generation","true","Primary paper abstract defines the metric; standalone metric has no fixed benchmark scale."
"Temporal and Imaginative Evaluation","Generative Futures","sec:evaluation_static","22","PBench","nvidia2025pbench","NVIDIA","2025","2025-06","Official NVIDIA dataset release: 2025-06-11","Physical AI; Driving","Bench.","I; T","Video","1,044; 5,636","samples; QA pairs","Physical-AI generation","sample","space; time; fundamental physics; visual quality","domain score; quality score","space/time/physics; visual quality; domain/quality scores","space/time/physics; visual quality","domain/quality scores","image and text prompt","domain and ontology category","curated QA pairs","VLM; VBench metrics","open-loop generation","true","Official NVIDIA benchmark page reports 1,044 samples, 5,636 QA pairs, six Physical-AI domains, and the two aggregate scores."
"Action-Coupled Utility and Safety Evaluation","Embodied World","sec:evaluation_interactive","23","EVA-Bench","chi2025evabench","ICML","2025","2025-05","OpenReview public release: 2025-05-01","Robotics","Bench.","V; T","Answer","125","samples","Embodied anticipation","sample","action description; how-to reasoning; next-step prediction; completion","EVA-Score","action description; how-to/next-step/completion; EVA-Score","action description; next-step reasoning; completion","EVA-Score","video and language","in-domain or OOD task and scenario","curated real; simulated; egocentric videos","language and video metrics","open-loop prediction","true","ICML 2025 paper and appendix report 125 curated evaluation samples spanning real robots, simulated robots, and egocentric activities."
"Structured-State Consistency Evaluation","Physical Consistency","sec:evaluation_consistency","24","PhyGenBench","meng2025phygenbench","ICML","2024","2024-10","Initial arXiv release (v1): 2024-10 [2410.05363]","Physical","Bench.","V","Video","160","prompts","Physical generation","prompt","physical commonsense; law adherence","","physical commonsense; law adherence","physical commonsense; law adherence","","text prompts","27 physical laws","human judgments","MLLM and LLM evaluators","open-loop generation","true","ICML 2025 PMLR paper reports 160 prompts across 27 physical laws and four domains."
"Action-Coupled Utility and Safety Evaluation","Interactive and Digital Worlds","sec:evaluation_interactive","25","Text2World","arxiv250213092","ACL F.","2025","2025-02","Initial arXiv release (v1): 2025-02 [2502.13092]","Digital Worlds","Bench.","T","Symbolic World Model","NR","","Symbolic model generation","task","PDDL validity; transition correctness; executability","","PDDL validity; transition correctness; executability","PDDL validity; transition correctness; executability","","textual domain description","generated PDDL model","symbolic domains","execution-based metrics","model generation","true","ACL Anthology verifies Findings of ACL 2025; the table uses the requested ACL F. abbreviation."
"Structured-State Consistency Evaluation","Causal Consistency","sec:evaluation_consistency","26","WM-ABench","wmabench2025","ACL F.","2025","2025-06","Initial arXiv release (v1): 2025-06 [2506.21876]","General","Bench.","I","Answer","23; 6","dimensions; environments","Atomic world modeling","question","perception; mechanistic prediction; transitive inference; compositional inference","accuracy","perception; mechanistic/transitive/compositional inference; accuracy","perception; prediction; compositional inference","accuracy","simulated images","controlled counterfactuals","simulator answers","answer accuracy","multimodal reasoning","true","ACL Anthology reports 23 fine-grained dimensions across six simulated environments with controlled counterfactuals."
"Action-Coupled Utility and Safety Evaluation","Embodied World","sec:evaluation_interactive","27","WorldPrediction","arxiv250604363","ICML W.","2025","2025-06","Initial arXiv release (v1): 2025-06 [2506.04363]","General","Bench.","I/V","Action Sequence","NR","","Procedural planning","item","high-level world modeling; action ordering","accuracy","high-level world modeling; action ordering; accuracy","high-level world modeling; action ordering","accuracy","initial and final visual states","counterfactual action candidates","human-filtered action equivalents","answer accuracy","discriminative planning","true","Primary paper and official ICML 2025 workshop page verify the visual-state and action-ordering protocol; fixed scale is not reported in the abstract."
"Temporal and Imaginative Evaluation","Generative Futures","sec:evaluation_static","28","WorldSimBench","qin2024worldsimbench","ICML","2024","2024-10","Initial arXiv release (v1): 2024-10 [2410.18072]","General; Driving","Suite","V; Act","Video; Action","3","scenarios","Embodied simulation","clip","visual fidelity; video-action consistency; embodied utility","","visual fidelity; video-action consistency; embodied utility","visual fidelity; action consistency; embodied utility","","video and task context","embodied actions","HF-Embodied and embodied tasks","human preference; action decoder","mixed perceptual and action evaluation","true","ICML 2025 PMLR paper defines explicit perceptual and implicit manipulative evaluation across three embodied scenarios."
"Action-Coupled Utility and Safety Evaluation","Embodied World","sec:evaluation_interactive","29","DreamGen Bench","jang2025dreamgen","CoRL","2025","2025-05","Initial arXiv release (v1): 2025-05 [2505.12705]","Robotics","Bench.","I; T","Robot Video","175","evaluation frames","Robot video generation","prompt","instruction following; physics alignment; policy utility","DreamGen score","instruction following; physics alignment; policy utility (DreamGen score)","instruction/physics alignment; policy utility","DreamGen score","initial frame and instruction","object; behavior; environment","RoboCasa and GR1 data","VLM; human validation","open-loop generation","true","CoRL 2025 paper reports 175 evaluation frames: 48 RoboCasa and 127 GR1 object, behavior, and environment cases."
"Action-Coupled Utility and Safety Evaluation","Driving and Safety","sec:evaluation_interactive","30","DriveArena","yang2025drivearena","ICCV","2024","2024-08","Initial arXiv release (v1): 2024-08 [2408.00415]","Driving","Sim. / Bench.","I; External State; Act","Driving Rollout","4","evaluation routes","Closed-loop driving simulation","route","visual realism; traffic reactivity; planning utility; safety","route completion; collision","realism/traffic reactivity; planning/safety; route completion/collision","visual realism; traffic reactivity; route completion; collision","","map and traffic state; ego action","ego control and traffic simulation","logged driving scenes","closed-loop planner metrics","closed-loop driving","true","ICCV 2025 paper evaluates its generative closed-loop simulator on four official routes with traffic and visual feedback."
"Temporal and Imaginative Evaluation","Generative Futures","sec:evaluation_static","31","SimWorld","arxiv250313952","IROS","2025","2025-03","Initial arXiv release (v1): 2025-03 [2503.13952]","Driving","Hybrid","I; External State","Generated Scene","NR","","Scene generation","scene","generation quality; condition alignment; perception utility","","generation quality; condition alignment; perception utility","generation quality; condition alignment; perception utility","","simulator state","environmental conditions","virtual and real scenes","automatic; downstream perception","open-loop generation","true","Primary paper abstract verifies simulator-conditioned benchmark; numerical scale not reported."
"Structured-State Consistency Evaluation","Occupancy Dynamics","sec:evaluation_consistency","32","UniOcc","wang2025uniocc","ICCV","2025","2025-03","Initial arXiv release (v1): 2025-03 [2503.24381]","Driving","Bench.","I","Occupancy","4","datasets","Occupancy prediction and forecasting","scene sequence","occupancy quality; voxel flow","","occupancy quality; voxel flow","occupancy quality; voxel flow","","camera histories","forecast horizon","nuScenes; Waymo; CARLA; OpenCOOD","occupancy and flow metrics","open-loop forecasting","true","Primary paper abstract: unified evaluation across four named datasets."
"Structured-State Consistency Evaluation","Spatial and Geometric Consistency","sec:evaluation_consistency","33","WorldScore","duan2025worldscore","ICCV","2025","2025-04","Initial arXiv release (v1): 2025-04 [2504.00983]","General; 3D/4D","Bench.","I/V","3D/4D Scene","3K","examples","Next-scene generation","scene","controllability; quality; dynamics","","controllability; quality; dynamics","controllability; quality; dynamics","","camera trajectory and layout","camera motion","test examples","automatic metrics","open-loop generation","true","Primary paper abstract: 3,000 test examples and three metric aspects."
"Action-Coupled Utility and Safety Evaluation","Embodied World","sec:evaluation_interactive","34","EWMBench","yue2025ewmbench","BMVC","2025","2025-05","Initial arXiv release (v1): 2025-05 [2505.09694]","Robotics","Bench.","V","Robot Video","NR","","Embodied generation","clip","scene quality; motion quality; semantic alignment","","scene quality; motion quality; semantic alignment","scene quality; motion quality; semantic alignment","","language instructions","scene and motion variation","generated clips","multi-dimensional toolkit","open-loop generation","true","BMVC 2025 official proceedings verify the venue and three principal evaluation dimensions."
"Temporal and Imaginative Evaluation","Generative Futures","sec:evaluation_static","35","WorldModelBench","li2025worldmodelbench","NeurIPS","2025","2025-02","Initial arXiv release (v1): 2025-02 [2502.20694]","General","Bench.","V","Video","67K","human labels","Future generation","clip","instruction following; physical consistency; human preference","","instruction following; physical consistency; human preference","instruction following; physics; human preference","","text instructions","prompt variation","generated clips","learned judge; human labels","open-loop generation","true","NeurIPS 2025 Datasets and Benchmarks proceedings; primary abstract reports 67K crowd-sourced human labels."
"Structured-State Consistency Evaluation","Physical Consistency","sec:evaluation_consistency","36","WorldBench","arxiv260121282","arXiv","2026","2026-01","Initial arXiv release (v1): 2026-01 [2601.21282]","Physical","Bench.","V","Video","NR","","Physical generation","clip","concept-level physics; parameter consistency","","concept-level physics; parameter consistency","concept-level physics; parameter consistency","","concept-isolated scenarios","physical parameters","generated clips","diagnostic metrics","open-loop generation","true","Primary paper abstract verifies concept-specific evaluation; numerical scale not reported."
"Temporal and Imaginative Evaluation","Long-Horizon Memory","sec:evaluation_static","37","MIND","arxiv260208025","arXiv","2026","2026-02","Initial arXiv release (v1): 2026-02 [2602.08025]","Games","Bench.","V","Video Rollout","250","videos","Memory and control","long rollout","memory consistency; action control","","memory consistency; action control","memory consistency; action control","","shared and varied action spaces","movement and camera actions","videos","automatic framework","closed-loop revisitation","true","Primary paper abstract: 250 videos and two core dimensions."
"Action-Coupled Utility and Safety Evaluation","Embodied World","sec:evaluation_interactive","38","WorldArena","li2026worldarena","arXiv","2026","2026-02","Initial arXiv release (v1): 2026-02 [2602.08971]","Robotics","Suite","V","Robot Rollout","NR","","Multi-task world evaluation","task","perception; functional utility","EWMScore","perception; functional utility; EWMScore","perception; functional utility","EWMScore","action-conditioned prediction","data engine; evaluator; planner roles","generated rollouts and policies","16 metrics; human evaluation","mixed utility evaluation","true","Primary paper abstract verifies dimensions; numerical benchmark scale not reported."
"Temporal and Imaginative Evaluation","Interactive Rollouts","sec:evaluation_static","39","Omni-WorldBench","arxiv260322212","arXiv","2026","2026-03","Initial arXiv release (v1): 2026-03 [2603.22212]","General; Driving","Suite","I; T; Act","4D Video","1,068; 15","prompts; metrics","Interactive 4D response","prompt","video quality; controllability; interaction fidelity; causal coherence","AgenticScore","video quality/control; interaction/causal fidelity; AgenticScore","video quality; controllability; interaction/causal fidelity","AgenticScore","initial frame; text; optional camera trajectory","object; local; global interactions","curated prompts and action effects","agentic metric ensemble","open-loop interaction response","true","Primary paper reports 1,068 prompts, 15 metrics, and evaluation of 18 representative world models."
"Structured-State Consistency Evaluation","Physical Consistency","sec:evaluation_consistency","40","Physics-IQ","motamed2025physicsiq","WACV","2025","2025-01","Initial arXiv release (v1): 2025-01 [2501.09038]","Physical","Dataset / Bench.","V","Video","396; 66","videos; scenarios","Physical prediction","clip","physical consistency","Physics-IQ score","physical consistency (Physics-IQ score)","physical consistency","Physics-IQ score","initial video frames","physical scenario continuation","real filmed videos","benchmark metrics","open-loop prediction","true","Primary WACV paper: 396 videos covering 66 physical scenarios."
"Structured-State Consistency Evaluation","Physical Consistency","sec:evaluation_consistency","41","Physion-Eval","zhang2026physioneval","arXiv","2026","2026-03","Initial arXiv release (v1): 2026-03 [2603.19607]","Physical","Dataset / Bench.","V","Failure Label","10,990","reasoning traces","Physical failure diagnosis","clip","temporal localization; failure category; explanation; view robustness","glitch rate","failure localization/type/explanation; view robustness; glitch rate","failure localization/type; explanation; view robustness","glitch rate","generated and real reference videos","egocentric or exocentric view; generator","expert reasoning traces","human experts","open-loop generation","true","Primary paper reports 10,990 expert reasoning traces spanning 22 fine-grained physical categories."
"Temporal and Imaginative Evaluation","Imaginative Faithfulness","sec:evaluation_static","42","T2VWorldBench","chen2026t2vworldbench","WACV","2025","2025-07","Initial arXiv release (v1): 2025-07 [2507.18107]","General","Bench.","V","Video","1.2K","prompts","World-knowledge generation","prompt","factuality; semantic consistency; causality","","factuality; semantic consistency; causality","factuality; semantic consistency; causality","","text prompts","category variation","generated clips","automatic and model-based metrics","open-loop generation","true","Primary paper abstract: 1,200 prompts across six major categories."
"Temporal and Imaginative Evaluation","Generative Futures","sec:evaluation_static","43","DrivingGen","arxiv260101528","ICLR","2026","2026-01","Initial arXiv release (v1): 2026-01 [2601.01528]","Driving","Suite","V; Act","Driving Video","NR","","Generative driving evaluation","clip","visual realism; trajectory plausibility; temporal coherence; controllability","","realism; trajectory plausibility; temporal coherence; controllability","realism; trajectory plausibility; temporal consistency; control","","driving video and ego conditions","scenario and ego conditions","curated driving evaluation data","automatic metrics","open-loop generation","true","ICLR 2026 paper verifies the four principal dimensions; a fixed evaluation-item count is not reported in the abstract."
"Structured-State Consistency Evaluation","Physical Consistency","sec:evaluation_consistency","44","PhyWorldBench","gu2026phyworldbench","ICLR","2025","2025-07","Initial arXiv release (v1): 2025-07 [2507.13428]","Physical","Bench.","V","Video","1,050","prompts","Physical generation","prompt","fundamental physics; composite physics; anti-physics","","fundamental physics; composite physics; anti-physics","fundamental physics; composite physics; anti-physics","","text prompts","physical and anti-physical prompts","generated clips","human and MLLM evaluation","open-loop generation","true","Primary paper abstract: 1,050 curated prompts."
"Action-Coupled Utility and Safety Evaluation","Policy Utility","sec:evaluation_interactive","45","World-in-World","zhang2026worldinworld","ICLR","2025","2025-10","Initial arXiv release (v1): 2025-10 [2510.18135]","Robotics; Navigation","Env. / Bench.","V","Policy Rollout","4","environments","Closed-loop execution","episode","task success; controllability; planning utility","","task success; controllability; planning utility","task success; controllability; planning utility","","current observation and candidate plans","standardized action API","closed-loop environments","task success","closed-loop execution","true","Primary paper and official project page: four closed-loop environments."
"Action-Coupled Utility and Safety Evaluation","Policy Utility","sec:evaluation_interactive","46","WorldGym","arxiv250600613","ICLR","2025","2025-06","Initial arXiv release (v1): 2025-06 [2506.00613]","Robotics","Env. / Bench.","V; Act","Policy","NR","","Policy evaluation","policy-task pair","task success; policy ranking; real-world correlation","","task success; policy ranking; real-world correlation","task success; policy ranking; real-world correlation","","initial frame and policy actions","policy versions and novel tasks","real-robot outcomes","VLM reward; success rate","world-model proxy","true","Official OpenReview record identifies an ICLR 2026 conference paper; the primary abstract verifies Monte Carlo rollout evaluation."
"Structured-State Consistency Evaluation","Physical Consistency","sec:evaluation_consistency","47","ACWM-Phys","xue2026acwmphys","arXiv","2026","2026-05","Initial arXiv release (v1): 2026-05 [2605.08567]","Physical","Env. / Bench.","V; Act","Video","4","physics regimes","Action-conditioned prediction","rollout","ID/OOD generalization; interaction fidelity; physical dynamics","","ID/OOD generalization; interaction fidelity; physical dynamics","ID/OOD generalization; interaction; physical dynamics","","scene history and action","interaction pattern or scene shift","simulator trajectories","prediction metrics","open-loop action-conditioned","true","Primary paper verifies rigid, kinematic, deformable, and particle regimes with controlled in- and out-of-distribution protocols."
"Structured-State Consistency Evaluation","Causal Consistency","sec:evaluation_consistency","48","CRONOS","arxiv260523699","arXiv","2026","2026-05","Initial arXiv release (v1): 2026-05 [2605.23699]","Physical","Bench.","V","Video","NR","","Counterfactual comparison","intervention pair","physical consistency; intervention robustness","","physical consistency; intervention robustness","physical consistency; intervention robustness","","paired visual contexts","view; scene; category; appearance","paired generated clips","prediction metrics","open-loop counterfactual","true","Primary paper abstract verifies four controlled factors; numerical scale not reported."
"Temporal and Imaginative Evaluation","Imaginative Faithfulness","sec:evaluation_static","49","HalluWorld","arxiv260519341","arXiv","2026","2026-05","Initial arXiv release (v1): 2026-05 [2605.19341]","Games; Digital Worlds","Bench.","External State","World State","NR","","Hallucination detection","environment query","hallucination; state tracking; abstention","","hallucination; state tracking; abstention","hallucination; state tracking; abstention","","controlled model view","world complexity and observability","explicit reference worlds","automatic labels","interactive state tracking","true","Primary paper abstract verifies controlled reference-world protocol; numerical scale not reported."
"Temporal and Imaginative Evaluation","Long-Horizon Memory","sec:evaluation_static","50","MBench","arxiv260600793","arXiv","2026","2026-06","Initial arXiv release (v1): 2026-06 [2606.00793]","General","Bench.","V","Video Rollout","NR","","Memory tracking","long rollout","entity memory; environment memory; causal memory","","entity memory; environment memory; causal memory","entity memory; environment memory; causal memory","","long captured videos","temporal continuation","long videos","rule metrics; VLM","long-horizon rollout","true","Primary paper abstract verifies three memory dimensions; numerical scale not reported."
"Structured-State Consistency Evaluation","Spatial and Geometric Consistency","sec:evaluation_consistency","51","PDI-Bench","wu2026pdibench","arXiv","2026","2026-05","Initial arXiv release (v1): 2026-05 [2605.15185]","General","Metric / Bench.","V","Video Geometry","NR","","Geometry audit","clip","scale-depth alignment; 3D motion; rigidity","PDI","scale-depth alignment; 3D motion; rigidity; PDI","scale-depth alignment; 3D motion; rigidity","PDI","generated clip","none","object-centric tracks and reconstructions","geometric metric","open-loop generation","true","Primary paper abstract verifies PDI dimensions; PDI-Dataset numerical size not reported."
"Structured-State Consistency Evaluation","Physical Consistency","sec:evaluation_consistency","52","PhyGround","arxiv260510806","arXiv","2026","2026-05","Initial arXiv release (v1): 2026-05 [2605.10806]","Physical","Bench.","V","Video","250","prompts","Physical generation","prompt","law adherence; physical consistency","","law adherence; physical consistency","law adherence; physical consistency","","prompt plus expected outcome","physical-law categories","generated clips","human study; PhyJudge-9B","open-loop generation","true","Primary paper abstract: 250 prompts and 13 physical laws."
"Temporal and Imaginative Evaluation","Interactive Rollouts","sec:evaluation_static","53","WBench","arxiv260525874","arXiv","2026","2026-05","Initial arXiv release (v1): 2026-05 [2605.25874]","Games","Suite","V","Video Rollout","289; 1,058","cases; turns","Multi-turn interaction","rollout","video quality; interaction adherence; consistency; physics","","video quality; interaction adherence; consistency; physics","video quality; interaction; consistency; physics","","world setting and interaction sequence","text; pose; discrete actions","benchmark cases","automatic metrics; human validation","multi-turn rollout","true","Primary paper abstract: 289 cases; 1,058 turns; five dimensions."
"Action-Coupled Utility and Safety Evaluation","Policy Utility","sec:evaluation_interactive","54","WorldArena 2.0","shang2026worldarena20","arXiv","2026","2026-05","Initial arXiv release (v1): 2026-05 [2605.17912]","Robotics","Suite","Multi-modal","Policy","NR","","Multi-task world evaluation","task","perception; interactive utility; cross-platform performance","","perception; interactive utility; cross-platform performance","perception; interaction utility; cross-platform performance","","visual and tactile inputs","policy evaluation; planning; RL environment","simulated and real platforms","standardized protocol","mixed closed-loop utility","true","Primary paper abstract verifies modality; functionality; platform expansion; numerical scale not reported."
"Structured-State Consistency Evaluation","Causal Consistency","sec:evaluation_consistency","55","YoCausal","arxiv260530346","arXiv","2026","2026-05","Initial arXiv release (v1): 2026-05 [2605.30346]","General","Protocol","V","Video","NR","","Causal comparison","paired clip","arrow of time; causal cognition","RSI; CCI","arrow of time; causal cognition; RSI; CCI","arrow of time; causal cognition","RSI; CCI","forward and reversed videos","temporal reversal","paired clips","denoising loss; VLM","open-loop causal protocol","true","Primary paper abstract defines RSI and CCI; protocol is extensible without fixed scale."
"Temporal and Imaginative Evaluation","Generative Futures","sec:evaluation_static","56","4DWorldBench","lu2026fourDworldbench","CVPR","2025","2025-11","Initial arXiv release (v1): 2025-11 [2511.19836]","General; 3D/4D","Suite","I/V","3D/4D Scene","NR","","4D generation","scene","perceptual quality; condition alignment; physical realism; 4D consistency","","quality; condition alignment; physical realism; 4D consistency","quality; condition alignment; physical/4D consistency","","image; video; text conditions","adaptive multimodal conditions","generated worlds","LLM; MLLM; network evaluators","open-loop generation","true","Primary paper abstract verifies tasks and four dimensions; numerical scale not reported."
"Action-Coupled Utility and Safety Evaluation","Interactive and Digital Worlds","sec:evaluation_interactive","57","AgentWorldBench","arxiv260624597","arXiv","2026","2026-06","Initial arXiv release (v1): 2026-06 [2606.24597]","Digital Worlds","Bench.","External State; Act","World State","NR","","State prediction","environment query","next-state accuracy; simulation fidelity","","next-state accuracy; simulation fidelity","next-state accuracy; simulation fidelity","","agent observation and action","real environment interactions","interactions from five models and nine benchmarks","benchmark evaluator","state-transition evaluation","true","Qwen-AgentWorld primary paper abstract verifies construction from five models and nine source benchmarks; instance count not reported."
"Action-Coupled Utility and Safety Evaluation","Driving and Safety","sec:evaluation_interactive","58","ARB4WM","arxiv260616605","arXiv","2026","2026-06","Initial arXiv release (v1): 2026-06 [2606.16605]","Robotics; Physical","Bench.","Lat","Policy","20","tasks","Adversarial evaluation","task","policy robustness; value robustness; latent-dynamics robustness","","policy robustness; value robustness; latent-dynamics robustness","policy/value/latent-dynamics robustness","","visual observations","temporal visual perturbations","MetaWorld and Control Suite tasks","attack losses and task return","closed-loop control","true","Primary paper abstract: 20 tasks and three attacked model levels."
"Structured-State Consistency Evaluation","Occupancy Dynamics","sec:evaluation_consistency","59","ForecastOcc","mohan2026forecastocc","ICRA","2026","2026-02","Initial arXiv release (v1): 2026-02 [2602.08006]","Driving","Bench.","I","Occupancy","NR","","Occupancy forecasting","scene sequence","semantic occupancy; multi-horizon forecasting","","semantic occupancy; multi-horizon forecasting","semantic occupancy; multi-horizon forecasting","","past camera images","forecast horizon","Occ3D-nuScenes and SemanticKITTI","occupancy metrics","open-loop forecasting","true","ICRA 2026 official program; primary abstract verifies two settings, while the instance count is not reported."
"Structured-State Consistency Evaluation","Physical Consistency","sec:evaluation_consistency","60","PAI-Bench","zhou2026paibench","CVPR","2025","2025-12","Initial arXiv release (v1): 2025-12 [2512.01989]","Physical AI; Driving","Suite","I/V; T","Video; Answer","2,808","cases","Physical-AI evaluation","case","physical plausibility; domain reasoning; perception; prediction","task-aligned metrics","physical plausibility; domain reasoning; perception/prediction","physical plausibility; domain reasoning; perception/prediction","","real videos and task inputs","generation; conditional generation; understanding","real-world cases","automatic; multimodal evaluators","mixed generation and understanding","true","CVPR 2026 paper reports 2,808 real-world cases across video generation, conditional generation, and video understanding."
"Action-Coupled Utility and Safety Evaluation","Driving and Safety","sec:evaluation_interactive","61","ReactSim-Bench","arxiv260614058","arXiv","2026","2026-06","Initial arXiv release (v1): 2026-06 [2606.14058]","Driving","Bench.","Act","Driving Trajectory","2,636","scenarios","Driving response","trajectory","safety; rule compliance; kinematic feasibility","","safety; rule compliance; kinematic feasibility","safety; rule compliance; kinematic feasibility","","AV behavior input","off-log AV behavior","driving scenarios","collision; map; kinematic metrics","reactive simulation","true","Primary paper abstract: 2,636 test scenarios and official metric families."
"Action-Coupled Utility and Safety Evaluation","Driving and Safety","sec:evaluation_interactive","62","RoboTrustBench","arxiv260601600","arXiv","2026","2026-06","Initial arXiv release (v1): 2026-06 [2606.01600]","Robotics","Bench.","I/V","Robot Video","1,207","instruction-image pairs","Trustworthy generation","prompt","constraint reasoning; counterfactual grounding; safety","","constraint reasoning; counterfactual grounding; safety","constraint reasoning; counterfactual grounding; safety","","instruction and image","normal; constraint; counterfactual; adversarial","expert-validated pairs","human and MLLM","open-loop trust evaluation","true","Primary paper abstract: 1,207 pairs and six-dimensional protocol."
"Action-Coupled Utility and Safety Evaluation","Embodied World","sec:evaluation_interactive","63","RoboWM-Bench","arxiv260419092","CVPR W.","2026","2026-04","Initial arXiv release (v1): 2026-04 [2604.19092]","Robotics","Bench.","V","Robot Rollout","NR","","Executable manipulation","task","executability; task success; physical consistency","","executability; task success; physical consistency","executability; task success; physical consistency","","manipulation video","human-hand and robot actions","real-to-sim reconstructions","simulation execution","execution evaluation","true","Official project page identifies a CVPR 2026 WMAS Workshop paper; the label explicitly distinguishes it from the main track."
"Action-Coupled Utility and Safety Evaluation","Embodied World","sec:evaluation_interactive","64","WFM-Eval","khose2026wfmeval","CVPR W.","2026","2026-06","Formal venue month: CVPR W. 2026 (2026-06)","Robotics","Protocol","I; T","Robot Video","5; 2","models; datasets","Robot video diagnostics","clip","task completion; object hallucination; temporal consistency","object-level diagnostic scores","task completion; hallucination; temporal consistency; object diagnostics","task completion; hallucination; temporal consistency","","initial frame and instruction","world model and embodiment","GR1 and AgiBot videos","VLM judges; structured diagnostics","open-loop generation","true","Official CVPR 2026 workshop project benchmarks five video world models on GR1 and AgiBot with three diagnostic axes."
"Action-Coupled Utility and Safety Evaluation","Driving and Safety","sec:evaluation_interactive","65","WorldLens","arxiv251210958","CVPR","2025","2025-12","Initial arXiv release (v1): 2025-12 [2512.10958]","Driving","Suite","V","Driving Rollout","26K","videos","Multi-task driving evaluation","clip","visual realism; geometry; physics; functional utility","","visual realism; geometry; physics; functional utility","visual realism; geometry; physics; functional utility","","driving video and actions","generation; reconstruction; action following","human-annotated videos","WorldLens-Agent; human preference","mixed driving evaluation","true","Primary paper abstract: WorldLens-26K and five official evaluation aspects."
"Temporal and Imaginative Evaluation","Imaginative Faithfulness","sec:evaluation_static","66","WorldOlympiad","arxiv260611129","arXiv","2026","2026-06","Initial arXiv release (v1): 2026-06 [2606.11129]","General","Suite","V; T; Act","Video Rollout","1K","long videos","Long-horizon world generation","chunked rollout","physical faithfulness; 3D geometry; interaction fidelity","","physical faithfulness; 3D geometry; interaction fidelity","physics; 3D geometry; interaction","","long-video context and task instruction","robotic; gaming; real-world task families","curated long-video cases","automatic; multimodal judges","long-horizon generation","true","Primary paper reports 1,000 long videos spanning 400 robotics, 400 gaming, and 200 real-world cases across three evaluation tracks."
"Temporal and Imaginative Evaluation","Long-Horizon Memory","sec:evaluation_static","67","WRBench","arxiv260620545","arXiv","2026","2026-06","Initial arXiv release (v1): 2026-06 [2606.20545]","General","Dataset / Bench.","V; Act","Video Rollout","9,600","videos","Persistent-state evaluation","paired rollout","off-screen evolution; camera return; persistent state","","off-screen evolution; camera return; persistent state","off-screen evolution; camera return; persistent state","","world process and camera action","leave-view and revisit trajectory","paired visible and off-screen states","automatic consistency metrics","long-horizon revisit","true","Primary paper reports 9,600 videos designed to test whether state continues evolving off-screen and remains consistent after camera return."
"Action-Coupled Utility and Safety Evaluation","Interactive and Digital Worlds","sec:evaluation_interactive","68","AutumnBench","warrier2025autumnbench","ICML","2025","2025-10","Initial arXiv release (v1): 2025-10 [2510.19788]","Games","Bench.","External State; Act","World State","43; 129","environments; tasks","Environment reasoning","query","reachability; intervention effects; belief updating","","reachability; intervention effects; belief updating","reachability; intervention effects; belief updating","","partial interaction history","environment-level queries","complete grid-world dynamics","answer accuracy","interactive exploration","true","ICML 2026 official program verifies the venue; primary paper reports 43 environments and 129 tasks."
"Action-Coupled Utility and Safety Evaluation","Policy Utility","sec:evaluation_interactive","69","dWorldEval","arxiv260422152","ICML","2026","2026-04","Initial arXiv release (v1): 2026-04 [2604.22152]","Robotics","Protocol","V; Act","Policy","NR","","Policy evaluation","policy-task pair","task progress; success estimation","","task progress; success estimation","task progress; success estimation","","vision; language; actions","policy rollout","predicted observations and progress token","automatic success estimation","world-model proxy","true","ICML 2026 official program verifies the archival venue; the primary paper verifies progress-token evaluation."
"Temporal and Imaginative Evaluation","Interactive Rollouts","sec:evaluation_static","70","iWorld-Bench","arxiv260503941","ICML","2026","2026-05","Initial arXiv release (v1): 2026-05 [2605.03941]","Games","Bench.","V","Video Rollout","4.9K","test samples","Interactive rollout","trajectory","visual generation; trajectory following; memory","","visual generation; trajectory following; memory","visual generation; trajectory following; memory","","unified action generation","generated actions","test samples","task metrics","interactive rollout","true","Primary paper abstract: 4.9K test samples across six task types."
"Action-Coupled Utility and Safety Evaluation","Embodied World","sec:evaluation_interactive","71","RBench","deng2026rbench","ICML","2026","2026-01","Initial arXiv release (v1): 2026-01 [2601.15282]","Robotics","Bench.","V","Robot Video","5; 4","domains; embodiments","Robot video generation","task","task correctness; visual fidelity; physical plausibility","","task correctness; visual fidelity; physical plausibility","task correctness; visual fidelity; physics","","robot task and embodiment","task commands","generated robot videos","reproducible sub-metrics","open-loop generation","true","Primary paper abstract: five task domains and four embodiments."
"Action-Coupled Utility and Safety Evaluation","Policy Utility","sec:evaluation_interactive","72","WMBench","gigaworld2026wmbench","arXiv","2026","2026-07","Initial arXiv release (v1): 2026-07 [2607.02642]","Robotics","Bench.","V; Act","Policy","324K+","rollouts","Policy evaluation","rollout","long-horizon consistency; action fidelity; real-world alignment","","long-horizon consistency; action fidelity; real-world alignment","long-horizon consistency; action fidelity; real-world alignment","","teleoperation data and actions","model family; action encoding; horizon","paired real executions","rollout metrics; policy ranking","world-model proxy","true","Primary paper abstract reports over 324K simulated rollouts paired with real executions, seven world models, and four action encodings."
"Structured-State Consistency Evaluation","Causal Consistency","sec:evaluation_consistency","73","CausalPhys","chen2026causalphys","KDD","2026","2026-06","Initial arXiv release (v1): 2026-06 [2606.05966]","Physical","Dataset / Bench.","I/V","Answer; Causal Graph","3K+","questions","Causal reasoning","query","answer accuracy; causal-graph alignment","","answer accuracy; causal-graph alignment","answer accuracy; causal-graph alignment","","image or video question","perception; anticipation; intervention; goal","expert causal graphs","causal-graph metric","question answering","true","Primary paper abstract: over 3,000 questions and expert-annotated causal graphs."
"Temporal and Imaginative Evaluation","Long-Horizon Memory","sec:evaluation_static","74","MemoBench","arxiv260627537","ECCV","2026","2026-06","Initial arXiv release (v1): 2026-06 [2606.27537]","General","Bench.","V","Video Rollout","360","clips","State-change memory","long rollout","state persistence; reappearance; update consistency","","state persistence; reappearance; update consistency","state persistence; reappearance; update consistency","","disappear-and-reappear clips","physical state change during occlusion","ground-truth clips","automatic metrics; VQA","long-horizon rollout","true","Official project and author pages identify the paper as ECCV 2026; primary abstract reports 360 clips."
